test_data_id,node_count,computation_capacity,function_count,resource_demands,data_sizes,bandwidth_matrix,gpu_cost,memory_cost,bandwidth_cost,profit_per_user
1,8,"[[275,825],[182,1274],[243,1215],[57,285],[550,1100],[94,282],[113,678],[91,546]]",5,"[[11.5, 127], [13.7, 230], [16.5, 189], [19.8, 258], [23.8, 468]]","[60, 80, 35, 97]","[[0, 500, 0, 1000, 200, 500, 500, 0], [500, 0, 1000, 0, 100, 1000, 100, 50], [0, 1000, 0, 1000, 200, 50, 0, 500], [1000, 0, 1000, 0, 100, 500, 1000, 500], [200, 100, 200, 100, 0, 500, 0, 50], [500, 1000, 50, 500, 500, 0, 0, 500], [500, 100, 0, 1000, 0, 0, 0, 500], [0, 50, 500, 500, 50, 500, 500, 0]]",0.542,0.08,0.03,290
2,6,"[[67,268],[435,1305],[114,684],[94,470],[93,372],[65,390]]",4,"[[12.1, 221], [14.5, 161], [17.4, 240], [20.8, 242]]","[53, 25, 46]","[[0, 0, 500, 1000, 500, 50], [0, 0, 1000, 500, 100, 100], [500, 1000, 0, 1000, 100, 1000], [1000, 500, 1000, 0, 500, 1000], [500, 100, 100, 500, 0, 100], [50, 100, 1000, 1000, 100, 0]]",0.363,0.14,0.04,283
3,9,"[[61,366],[115,805],[573,1719],[57,342],[136,1088],[398,1194],[92,368],[400,800],[245,1225]]",6,"[[7.5, 93], [9.0, 123], [10.8, 176], [12.9, 191], [15.5, 204], [18.6, 322]]","[30, 82, 61, 39, 56]","[[0, 100, 50, 0, 100, 100, 200, 200, 0], [100, 0, 0, 100, 100, 0, 1000, 100, 0], [50, 0, 0, 0, 0, 1000, 50, 0, 100], [0, 100, 0, 0, 0, 50, 0, 200, 100], [100, 100, 0, 0, 0, 200, 50, 500, 100], [100, 0, 1000, 50, 200, 0, 200, 200, 0], [200, 1000, 50, 0, 50, 200, 0, 0, 500], [200, 100, 0, 200, 500, 200, 0, 0, 0], [0, 0, 100, 100, 100, 0, 500, 0, 0]]",0.402,0.06,0.05,257
4,7,"[[185,925],[212,1696],[62,310],[219,1314],[74,370],[72,360],[82,492]]",6,"[[14.4, 287], [17.2, 273], [20.7, 375], [24.8, 284], [29.8, 362], [35.7, 690]]","[94, 66, 24, 34, 50]","[[0, 500, 50, 0, 50, 0, 1000], [500, 0, 100, 500, 50, 100, 500], [50, 100, 0, 1000, 500, 0, 200], [0, 500, 1000, 0, 50, 1000, 500], [50, 50, 500, 50, 0, 100, 0], [0, 100, 0, 1000, 100, 0, 500], [1000, 500, 200, 500, 0, 500, 0]]",0.546,0.12,0.06,233
5,6,"[[100,400],[81,243],[54,324],[221,1326],[477,954],[233,1631]]",4,"[[13.5, 258], [16.1, 202], [19.4, 303], [23.3, 270]]","[59, 92, 29]","[[0, 0, 100, 1000, 1000, 0], [0, 0, 1000, 0, 500, 50], [100, 1000, 0, 0, 0, 1000], [1000, 0, 0, 0, 0, 50], [1000, 500, 0, 0, 0, 0], [0, 50, 1000, 50, 0, 0]]",0.34,0.1,0.03,385
6,16,"[[73,365],[73,219],[68,408],[137,959],[52,208],[93,558],[599,1797],[582,1746],[363,726],[164,820],[87,261],[236,1888],[85,255],[67,335],[513,1026],[495,990]]",6,"[[5.3, 68], [6.3, 85], [7.6, 147], [9.1, 99], [11.0, 155], [13.2, 210]]","[59, 61, 20, 24, 38]","[[0, 500, 50, 50, 1000, 100, 1000, 500, 200, 1000, 50, 100, 50, 0, 1000, 50], [500, 0, 0, 50, 500, 500, 100, 500, 100, 500, 0, 0, 0, 0, 50, 0], [50, 0, 0, 100, 500, 0, 500, 50, 200, 50, 200, 0, 200, 50, 50, 500], [50, 50, 100, 0, 50, 200, 200, 0, 0, 100, 50, 0, 0, 200, 200, 0], [1000, 500, 500, 50, 0, 50, 0, 0, 50, 0, 1000, 1000, 500, 50, 100, 500], [100, 500, 0, 200, 50, 0, 0, 0, 0, 0, 0, 0, 0, 1000, 50, 100], [1000, 100, 500, 200, 0, 0, 0, 200, 50, 200, 0, 200, 0, 500, 100, 500], [500, 500, 50, 0, 0, 0, 200, 0, 0, 100, 50, 500, 100, 0, 1000, 0], [200, 100, 200, 0, 50, 0, 50, 0, 0, 200, 50, 0, 100, 0, 200, 1000], [1000, 500, 50, 100, 0, 0, 200, 100, 200, 0, 200, 0, 0, 50, 500, 100], [50, 0, 200, 50, 1000, 0, 0, 50, 50, 200, 0, 200, 100, 1000, 50, 100], [100, 0, 0, 0, 1000, 0, 200, 500, 0, 0, 200, 0, 0, 0, 100, 0], [50, 0, 200, 0, 500, 0, 0, 100, 100, 0, 100, 0, 0, 50, 50, 500], [0, 0, 50, 200, 50, 1000, 500, 0, 0, 50, 1000, 0, 50, 0, 0, 50], [1000, 50, 50, 200, 100, 50, 100, 1000, 200, 500, 50, 100, 50, 0, 0, 100], [50, 0, 500, 0, 500, 100, 500, 0, 1000, 100, 100, 0, 500, 50, 100, 0]]",0.292,0.08,0.07,440
7,7,"[[398,796],[88,264],[205,1025],[224,1344],[63,189],[274,548],[176,880]]",6,"[[13.5, 141], [16.2, 164], [19.5, 380], [23.3, 459], [28.0, 337], [33.6, 658]]","[53, 39, 21, 56, 79]","[[0, 0, 200, 500, 100, 200, 50], [0, 0, 100, 0, 100, 0, 50], [200, 100, 0, 500, 0, 500, 50], [500, 0, 500, 0, 500, 100, 500], [100, 100, 0, 500, 0, 1000, 200], [200, 0, 500, 100, 1000, 0, 200], [50, 50, 50, 500, 200, 200, 0]]",0.229,0.08,0.04,414
8,10,"[[158,1264],[58,232],[421,842],[250,2000],[52,156],[98,392],[586,1758],[104,832],[208,1664],[71,426]]",7,"[[12.4, 212], [14.8, 249], [17.8, 335], [21.3, 424], [25.6, 282], [30.7, 447], [36.9, 620]]","[29, 98, 54, 72, 58, 58]","[[0, 200, 50, 100, 50, 500, 100, 0, 0, 0], [200, 0, 500, 0, 0, 0, 0, 100, 100, 500], [50, 500, 0, 500, 0, 100, 200, 50, 1000, 0], [100, 0, 500, 0, 500, 1000, 500, 0, 50, 50], [50, 0, 0, 500, 0, 1000, 500, 0, 0, 1000], [500, 0, 100, 1000, 1000, 0, 50, 100, 100, 50], [100, 0, 200, 500, 500, 50, 0, 1000, 50, 50], [0, 100, 50, 0, 0, 100, 1000, 0, 1000, 1000], [0, 100, 1000, 50, 0, 100, 50, 1000, 0, 0], [0, 500, 0, 50, 1000, 50, 50, 1000, 0, 0]]",0.381,0.08,0.05,274
9,6,"[[96,288],[191,1337],[163,1304],[78,390],[170,1360],[134,938]]",4,"[[13.6, 187], [16.3, 270], [19.6, 382], [23.5, 436]]","[33, 97, 47]","[[0, 0, 0, 100, 0, 50], [0, 0, 0, 500, 0, 500], [0, 0, 0, 100, 500, 0], [100, 500, 100, 0, 0, 500], [0, 0, 500, 0, 0, 50], [50, 500, 0, 500, 50, 0]]",0.429,0.12,0.04,474
10,15,"[[102,612],[67,268],[535,1070],[282,564],[66,396],[582,1164],[90,450],[125,875],[382,1146],[76,228],[115,690],[70,210],[269,807],[73,219],[167,1002]]",6,"[[7.2, 78], [8.6, 94], [10.3, 119], [12.4, 163], [14.9, 263], [17.8, 342]]","[28, 25, 71, 67, 73]","[[0, 200, 200, 0, 50, 100, 1000, 50, 500, 500, 200, 500, 0, 500, 200], [200, 0, 0, 1000, 200, 0, 0, 500, 0, 100, 0, 0, 0, 50, 500], [200, 0, 0, 200, 50, 200, 500, 100, 0, 0, 1000, 1000, 0, 500, 1000], [0, 1000, 200, 0, 100, 1000, 0, 50, 50, 50, 0, 1000, 0, 0, 0], [50, 200, 50, 100, 0, 1000, 0, 50, 100, 0, 1000, 1000, 100, 50, 0], [100, 0, 200, 1000, 1000, 0, 50, 50, 0, 50, 200, 0, 1000, 500, 50], [1000, 0, 500, 0, 0, 50, 0, 1000, 0, 0, 50, 0, 0, 200, 500], [50, 500, 100, 50, 50, 50, 1000, 0, 100, 0, 200, 0, 100, 1000, 0], [500, 0, 0, 50, 100, 0, 0, 100, 0, 500, 50, 100, 500, 50, 50], [500, 100, 0, 50, 0, 50, 0, 0, 500, 0, 1000, 200, 100, 1000, 0], [200, 0, 1000, 0, 1000, 200, 50, 200, 50, 1000, 0, 500, 1000, 500, 100], [500, 0, 1000, 1000, 1000, 0, 0, 0, 100, 200, 500, 0, 200, 0, 200], [0, 0, 0, 0, 100, 1000, 0, 100, 500, 100, 1000, 200, 0, 50, 50], [500, 50, 500, 0, 50, 500, 200, 1000, 50, 1000, 500, 0, 50, 0, 0], [200, 500, 1000, 0, 0, 50, 500, 0, 50, 0, 100, 200, 50, 0, 0]]",0.565,0.1,0.05,224
11,9,"[[162,1296],[344,1032],[199,1592],[54,162],[327,654],[94,376],[558,1116],[76,304],[172,1376]]",7,"[[15.0, 199], [18.0, 306], [21.6, 330], [25.9, 320], [31.0, 515], [37.3, 489], [44.7, 864]]","[76, 97, 62, 96, 30, 64]","[[0, 200, 1000, 0, 0, 0, 1000, 0, 0], [200, 0, 0, 1000, 50, 0, 0, 0, 200], [1000, 0, 0, 0, 100, 200, 200, 1000, 1000], [0, 1000, 0, 0, 1000, 50, 50, 0, 500], [0, 50, 100, 1000, 0, 50, 200, 0, 0], [0, 0, 200, 50, 50, 0, 500, 200, 500], [1000, 0, 200, 50, 200, 500, 0, 500, 100], [0, 0, 1000, 0, 0, 200, 500, 0, 0], [0, 200, 1000, 500, 0, 500, 100, 0, 0]]",0.174,0.13,0.03,384
12,7,"[[402,1206],[107,749],[100,600],[148,1036],[251,753],[294,882],[70,210]]",6,"[[10.7, 157], [12.9, 159], [15.4, 205], [18.5, 303], [22.2, 407], [26.7, 297]]","[26, 50, 57, 60, 33]","[[0, 0, 100, 200, 1000, 200, 50], [0, 0, 0, 0, 50, 100, 0], [100, 0, 0, 0, 0, 200, 0], [200, 0, 0, 0, 0, 1000, 1000], [1000, 50, 0, 0, 0, 0, 0], [200, 100, 200, 1000, 0, 0, 50], [50, 0, 0, 1000, 0, 50, 0]]",0.345,0.13,0.06,224
13,6,"[[517,1034],[53,318],[59,236],[113,565],[212,1272],[212,1484]]",5,"[[11.5, 180], [13.8, 172], [16.6, 304], [19.9, 358], [23.9, 448]]","[97, 45, 38, 52]","[[0, 0, 0, 100, 200, 100], [0, 0, 200, 200, 0, 100], [0, 200, 0, 100, 0, 50], [100, 200, 100, 0, 0, 0], [200, 0, 0, 0, 0, 100], [100, 100, 50, 0, 100, 0]]",0.224,0.05,0.03,271
14,10,"[[175,1050],[220,1760],[483,966],[149,1192],[221,1768],[54,162],[530,1590],[217,1519],[129,645],[78,390]]",7,"[[8.8, 160], [10.6, 147], [12.7, 222], [15.3, 186], [18.3, 297], [22.0, 246], [26.4, 339]]","[64, 44, 30, 91, 100, 55]","[[0, 500, 100, 0, 200, 200, 200, 100, 1000, 200], [500, 0, 1000, 1000, 0, 100, 50, 500, 500, 200], [100, 1000, 0, 0, 500, 50, 0, 0, 200, 200], [0, 1000, 0, 0, 500, 500, 1000, 50, 200, 500], [200, 0, 500, 500, 0, 500, 1000, 100, 100, 100], [200, 100, 50, 500, 500, 0, 0, 200, 0, 0], [200, 50, 0, 1000, 1000, 0, 0, 500, 100, 50], [100, 500, 0, 50, 100, 200, 500, 0, 50, 0], [1000, 500, 200, 200, 100, 0, 100, 50, 0, 200], [200, 200, 200, 500, 100, 0, 50, 0, 200, 0]]",0.551,0.11,0.02,290
15,7,"[[198,990],[95,285],[328,656],[498,996],[149,1043],[441,882],[96,288]]",4,"[[11.4, 116], [13.7, 153], [16.5, 206], [19.8, 365]]","[24, 27, 45]","[[0, 0, 1000, 100, 500, 100, 1000], [0, 0, 50, 0, 0, 50, 500], [1000, 50, 0, 200, 500, 0, 0], [100, 0, 200, 0, 100, 1000, 100], [500, 0, 500, 100, 0, 50, 200], [100, 50, 0, 1000, 50, 0, 500], [1000, 500, 0, 100, 200, 500, 0]]",0.581,0.13,0.07,473
16,6,"[[95,285],[337,1011],[167,1336],[508,1524],[80,240],[195,1560]]",4,"[[13.6, 240], [16.3, 246], [19.6, 375], [23.5, 324]]","[92, 74, 58]","[[0, 500, 50, 1000, 500, 0], [500, 0, 500, 1000, 100, 50], [50, 500, 0, 50, 500, 500], [1000, 1000, 50, 0, 0, 0], [500, 100, 500, 0, 0, 100], [0, 50, 500, 0, 100, 0]]",0.366,0.05,0.02,206
17,9,"[[446,892],[331,993],[132,1056],[345,690],[284,852],[61,244],[90,450],[509,1018],[332,664]]",7,"[[6.5, 91], [7.8, 154], [9.4, 183], [11.3, 183], [13.5, 247], [16.3, 265], [19.5, 285]]","[60, 65, 84, 37, 24, 69]","[[0, 500, 500, 500, 200, 50, 0, 100, 50], [500, 0, 500, 100, 1000, 100, 100, 500, 1000], [500, 500, 0, 0, 200, 500, 100, 50, 500], [500, 100, 0, 0, 200, 500, 200, 500, 100], [200, 1000, 200, 200, 0, 1000, 0, 100, 50], [50, 100, 500, 500, 1000, 0, 100, 100, 200], [0, 100, 100, 200, 0, 100, 0, 100, 200], [100, 500, 50, 500, 100, 100, 100, 0, 100], [50, 1000, 500, 100, 50, 200, 200, 100, 0]]",0.579,0.08,0.01,409
18,7,"[[130,910],[137,685],[286,858],[515,1545],[496,992],[76,380],[411,1233]]",4,"[[11.1, 183], [13.3, 154], [15.9, 171], [19.1, 259]]","[82, 56, 48]","[[0, 50, 500, 50, 200, 200, 0], [50, 0, 100, 1000, 1000, 0, 50], [500, 100, 0, 1000, 500, 200, 500], [50, 1000, 1000, 0, 1000, 0, 500], [200, 1000, 500, 1000, 0, 100, 500], [200, 0, 200, 0, 100, 0, 1000], [0, 50, 500, 500, 500, 1000, 0]]",0.438,0.13,0.06,359
19,9,"[[204,1224],[184,1288],[92,460],[206,1030],[90,360],[364,1092],[414,828],[223,1115],[100,500]]",6,"[[13.1, 189], [15.7, 237], [18.8, 240], [22.6, 322], [27.1, 352], [32.5, 459]]","[36, 75, 62, 72, 87]","[[0, 200, 0, 0, 200, 0, 500, 200, 100], [200, 0, 100, 200, 200, 100, 500, 50, 100], [0, 100, 0, 200, 500, 200, 100, 200, 0], [0, 200, 200, 0, 100, 0, 0, 200, 500], [200, 200, 500, 100, 0, 500, 500, 50, 200], [0, 100, 200, 0, 500, 0, 500, 0, 100], [500, 500, 100, 0, 500, 500, 0, 500, 50], [200, 50, 200, 200, 50, 0, 500, 0, 200], [100, 100, 0, 500, 200, 100, 50, 200, 0]]",0.531,0.06,0.05,474
20,18,"[[340,680],[536,1608],[325,650],[104,624],[467,1401],[170,1190],[465,1395],[502,1004],[99,594],[59,236],[227,1589],[84,336],[108,864],[191,1146],[493,1479],[195,1170],[227,1816],[213,1491]]",7,"[[13.7, 151], [16.4, 180], [19.7, 210], [23.6, 447], [28.3, 385], [34.0, 347], [40.8, 762]]","[80, 62, 20, 71, 70, 73]","[[0, 100, 200, 0, 100, 200, 200, 0, 100, 100, 200, 500, 100, 1000, 1000, 1000, 200, 50], [100, 0, 0, 200, 1000, 50, 200, 0, 500, 50, 0, 50, 200, 100, 0, 0, 0, 0], [200, 0, 0, 100, 200, 0, 0, 500, 200, 50, 1000, 0, 500, 200, 0, 500, 200, 50], [0, 200, 100, 0, 100, 1000, 0, 500, 100, 500, 0, 200, 100, 50, 100, 500, 500, 1000], [100, 1000, 200, 100, 0, 50, 0, 1000, 100, 200, 0, 50, 200, 50, 1000, 100, 200, 100], [200, 50, 0, 1000, 50, 0, 500, 0, 1000, 500, 500, 1000, 500, 500, 200, 0, 500, 100], [200, 200, 0, 0, 0, 500, 0, 500, 500, 0, 1000, 0, 500, 0, 0, 500, 100, 500], [0, 0, 500, 500, 1000, 0, 500, 0, 0, 0, 0, 500, 1000, 200, 100, 500, 100, 200], [100, 500, 200, 100, 100, 1000, 500, 0, 0, 500, 500, 200, 200, 50, 50, 0, 500, 100], [100, 50, 50, 500, 200, 500, 0, 0, 500, 0, 1000, 100, 500, 200, 200, 0, 1000, 0], [200, 0, 1000, 0, 0, 500, 1000, 0, 500, 1000, 0, 500, 0, 0, 0, 0, 200, 200], [500, 50, 0, 200, 50, 1000, 0, 500, 200, 100, 500, 0, 0, 0, 0, 50, 0, 500], [100, 200, 500, 100, 200, 500, 500, 1000, 200, 500, 0, 0, 0, 0, 0, 50, 0, 100], [1000, 100, 200, 50, 50, 500, 0, 200, 50, 200, 0, 0, 0, 0, 100, 200, 50, 100], [1000, 0, 0, 100, 1000, 200, 0, 100, 50, 200, 0, 0, 0, 100, 0, 200, 200, 0], [1000, 0, 500, 500, 100, 0, 500, 500, 0, 0, 0, 50, 50, 200, 200, 0, 100, 0], [200, 0, 200, 500, 200, 500, 100, 100, 500, 1000, 200, 0, 0, 50, 200, 100, 0, 50], [50, 0, 50, 1000, 100, 100, 500, 200, 100, 0, 200, 500, 100, 100, 0, 0, 50, 0]]",0.488,0.11,0.07,271
21,6,"[[129,645],[67,335],[477,1431],[163,1304],[551,1653],[146,1022]]",4,"[[12.5, 132], [15.0, 165], [18.0, 277], [21.6, 425]]","[20, 33, 58]","[[0, 1000, 0, 1000, 1000, 200], [1000, 0, 1000, 0, 0, 100], [0, 1000, 0, 500, 500, 500], [1000, 0, 500, 0, 1000, 50], [1000, 0, 500, 1000, 0, 0], [200, 100, 500, 50, 0, 0]]",0.278,0.05,0.03,229
22,7,"[[555,1665],[500,1500],[216,1296],[76,304],[329,658],[88,264],[283,849]]",5,"[[8.6, 164], [10.3, 158], [12.3, 193], [14.8, 179], [17.7, 323]]","[96, 29, 55, 58]","[[0, 200, 50, 0, 0, 200, 500], [200, 0, 100, 1000, 0, 200, 50], [50, 100, 0, 0, 0, 100, 100], [0, 1000, 0, 0, 0, 50, 0], [0, 0, 0, 0, 0, 1000, 500], [200, 200, 100, 50, 1000, 0, 500], [500, 50, 100, 0, 500, 500, 0]]",0.146,0.06,0.05,382
23,9,"[[83,498],[82,328],[53,159],[86,344],[197,1182],[62,186],[351,702],[96,576],[498,996]]",6,"[[6.5, 120], [7.8, 100], [9.4, 146], [11.2, 138], [13.5, 174], [16.2, 205]]","[20, 39, 30, 95, 60]","[[0, 0, 500, 50, 50, 0, 0, 0, 200], [0, 0, 50, 0, 50, 0, 0, 200, 200], [500, 50, 0, 1000, 1000, 1000, 0, 200, 50], [50, 0, 1000, 0, 500, 100, 200, 1000, 1000], [50, 50, 1000, 500, 0, 1000, 200, 500, 200], [0, 0, 1000, 100, 1000, 0, 0, 200, 500], [0, 0, 0, 200, 200, 0, 0, 200, 0], [0, 200, 200, 1000, 500, 200, 200, 0, 0], [200, 200, 50, 1000, 200, 500, 0, 0, 0]]",0.486,0.13,0.02,294
24,7,"[[272,544],[97,485],[538,1614],[63,189],[570,1710],[53,159],[322,644]]",6,"[[13.8, 165], [16.6, 228], [19.9, 299], [23.9, 405], [28.7, 565], [34.4, 456]]","[76, 65, 25, 63, 74]","[[0, 50, 50, 500, 0, 100, 500], [50, 0, 100, 1000, 50, 500, 200], [50, 100, 0, 1000, 50, 1000, 100], [500, 1000, 1000, 0, 0, 50, 500], [0, 50, 50, 0, 0, 50, 500], [100, 500, 1000, 50, 50, 0, 100], [500, 200, 100, 500, 500, 100, 0]]",0.516,0.08,0.03,349
25,14,"[[186,930],[535,1605],[84,420],[99,396],[427,1281],[239,1195],[53,318],[81,243],[60,360],[76,304],[325,650],[249,1245],[342,1026],[73,365]]",5,"[[5.1, 91], [6.1, 82], [7.3, 134], [8.8, 173], [10.6, 194]]","[92, 48, 89, 33]","[[0, 500, 1000, 1000, 500, 100, 100, 500, 200, 50, 200, 0, 0, 50], [500, 0, 50, 200, 0, 200, 100, 50, 0, 50, 200, 0, 0, 200], [1000, 50, 0, 0, 100, 0, 100, 50, 0, 0, 200, 100, 500, 0], [1000, 200, 0, 0, 0, 0, 100, 1000, 0, 0, 1000, 200, 50, 1000], [500, 0, 100, 0, 0, 500, 50, 0, 100, 0, 0, 1000, 100, 0], [100, 200, 0, 0, 500, 0, 0, 200, 0, 50, 1000, 100, 0, 200], [100, 100, 100, 100, 50, 0, 0, 0, 500, 0, 100, 200, 0, 0], [500, 50, 50, 1000, 0, 200, 0, 0, 0, 200, 50, 500, 500, 200], [200, 0, 0, 0, 100, 0, 500, 0, 0, 0, 0, 50, 100, 0], [50, 50, 0, 0, 0, 50, 0, 200, 0, 0, 0, 500, 1000, 100], [200, 200, 200, 1000, 0, 1000, 100, 50, 0, 0, 0, 0, 50, 200], [0, 0, 100, 200, 1000, 100, 200, 500, 50, 500, 0, 0, 0, 50], [0, 0, 500, 50, 100, 0, 0, 500, 100, 1000, 50, 0, 0, 0], [50, 200, 0, 1000, 0, 200, 0, 200, 0, 100, 200, 50, 0, 0]]",0.3,0.11,0.02,498
26,7,"[[145,725],[76,456],[88,440],[97,291],[103,515],[397,794],[97,485]]",4,"[[13.9, 195], [16.7, 194], [20.0, 331], [24.1, 475]]","[78, 80, 80]","[[0, 50, 0, 100, 0, 50, 500], [50, 0, 200, 0, 1000, 200, 100], [0, 200, 0, 0, 200, 100, 0], [100, 0, 0, 0, 100, 0, 0], [0, 1000, 200, 100, 0, 500, 100], [50, 200, 100, 0, 500, 0, 0], [500, 100, 0, 0, 100, 0, 0]]",0.289,0.09,0.07,280
27,6,"[[271,542],[96,480],[67,335],[482,964],[314,628],[182,910]]",5,"[[13.8, 202], [16.5, 299], [19.8, 310], [23.8, 308], [28.5, 392]]","[69, 71, 33, 93]","[[0, 1000, 100, 0, 0, 500], [1000, 0, 100, 1000, 0, 0], [100, 100, 0, 0, 200, 500], [0, 1000, 0, 0, 1000, 500], [0, 0, 200, 1000, 0, 50], [500, 0, 500, 500, 50, 0]]",0.279,0.09,0.01,266
28,16,"[[58,290],[468,1404],[63,189],[394,788],[559,1677],[111,777],[77,308],[52,156],[585,1755],[64,192],[134,1072],[147,882],[542,1626],[459,1377],[469,1407],[55,330]]",6,"[[14.6, 210], [17.5, 300], [21.0, 295], [25.2, 303], [30.3, 455], [36.3, 535]]","[71, 23, 40, 48, 40]","[[0, 50, 0, 100, 100, 500, 0, 50, 1000, 50, 0, 50, 0, 50, 1000, 50], [50, 0, 500, 100, 100, 0, 500, 0, 0, 100, 1000, 0, 200, 100, 0, 500], [0, 500, 0, 50, 100, 200, 1000, 1000, 200, 100, 500, 0, 0, 500, 0, 100], [100, 100, 50, 0, 1000, 0, 0, 0, 100, 200, 1000, 500, 0, 200, 200, 50], [100, 100, 100, 1000, 0, 0, 500, 500, 0, 100, 50, 500, 0, 500, 500, 200], [500, 0, 200, 0, 0, 0, 50, 100, 50, 200, 1000, 50, 50, 1000, 200, 500], [0, 500, 1000, 0, 500, 50, 0, 0, 500, 0, 500, 500, 1000, 200, 500, 50], [50, 0, 1000, 0, 500, 100, 0, 0, 200, 0, 100, 1000, 500, 50, 50, 50], [1000, 0, 200, 100, 0, 50, 500, 200, 0, 200, 0, 1000, 0, 50, 0, 1000], [50, 100, 100, 200, 100, 200, 0, 0, 200, 0, 1000, 0, 50, 100, 50, 0], [0, 1000, 500, 1000, 50, 1000, 500, 100, 0, 1000, 0, 500, 200, 100, 500, 50], [50, 0, 0, 500, 500, 50, 500, 1000, 1000, 0, 500, 0, 1000, 100, 500, 500], [0, 200, 0, 0, 0, 50, 1000, 500, 0, 50, 200, 1000, 0, 0, 200, 500], [50, 100, 500, 200, 500, 1000, 200, 50, 50, 100, 100, 100, 0, 0, 50, 500], [1000, 0, 0, 200, 500, 200, 500, 50, 0, 50, 500, 500, 200, 50, 0, 100], [50, 500, 100, 50, 200, 500, 50, 50, 1000, 0, 50, 500, 500, 500, 100, 0]]",0.478,0.15,0.07,367
29,5,"[[73,219],[418,836],[67,201],[92,276],[77,231]]",4,"[[13.0, 180], [15.6, 168], [18.7, 236], [22.5, 359]]","[76, 21, 21]","[[0, 1000, 0, 1000, 100], [1000, 0, 0, 200, 50], [0, 0, 0, 200, 0], [1000, 200, 200, 0, 0], [100, 50, 0, 0, 0]]",0.544,0.07,0.06,327
30,9,"[[55,220],[189,1512],[436,872],[285,570],[120,840],[164,820],[464,1392],[279,837],[237,1422]]",7,"[[12.3, 188], [14.7, 170], [17.7, 193], [21.2, 285], [25.4, 368], [30.5, 344], [36.6, 481]]","[82, 68, 47, 80, 62, 81]","[[0, 50, 200, 100, 50, 100, 50, 0, 0], [50, 0, 0, 500, 200, 50, 0, 1000, 1000], [200, 0, 0, 100, 500, 50, 500, 50, 1000], [100, 500, 100, 0, 0, 0, 100, 1000, 50], [50, 200, 500, 0, 0, 0, 0, 100, 0], [100, 50, 50, 0, 0, 0, 0, 0, 500], [50, 0, 500, 100, 0, 0, 0, 500, 50], [0, 1000, 50, 1000, 100, 0, 500, 0, 1000], [0, 1000, 1000, 50, 0, 500, 50, 1000, 0]]",0.251,0.06,0.02,440
31,8,"[[344,1032],[452,1356],[481,962],[167,1336],[444,1332],[533,1066],[55,275],[97,291]]",7,"[[7.6, 82], [9.1, 98], [10.9, 168], [13.1, 172], [15.7, 300], [18.8, 194], [22.6, 431]]","[54, 93, 27, 78, 68, 99]","[[0, 0, 1000, 200, 200, 0, 200, 50], [0, 0, 0, 50, 0, 50, 0, 100], [1000, 0, 0, 500, 1000, 500, 0, 0], [200, 50, 500, 0, 500, 500, 200, 0], [200, 0, 1000, 500, 0, 50, 0, 1000], [0, 50, 500, 500, 50, 0, 100, 0], [200, 0, 0, 200, 0, 100, 0, 500], [50, 100, 0, 0, 1000, 0, 500, 0]]",0.508,0.1,0.01,320
32,6,"[[94,470],[399,1197],[80,240],[288,864],[332,996],[103,515]]",5,"[[9.1, 92], [10.9, 199], [13.0, 174], [15.7, 244], [18.8, 195]]","[41, 32, 50, 29]","[[0, 0, 100, 1000, 100, 0], [0, 0, 1000, 50, 100, 0], [100, 1000, 0, 1000, 0, 0], [1000, 50, 1000, 0, 0, 200], [100, 100, 0, 0, 0, 0], [0, 0, 0, 200, 0, 0]]",0.447,0.07,0.06,334
33,6,"[[501,1002],[406,812],[193,1351],[299,897],[87,261],[134,670]]",5,"[[12.3, 134], [14.8, 185], [17.7, 282], [21.3, 296], [25.5, 378]]","[31, 57, 93, 90]","[[0, 0, 50, 0, 0, 0], [0, 0, 0, 50, 0, 0], [50, 0, 0, 500, 200, 0], [0, 50, 500, 0, 100, 1000], [0, 0, 200, 100, 0, 100], [0, 0, 0, 1000, 100, 0]]",0.234,0.14,0.02,483
34,8,"[[74,370],[75,300],[123,861],[555,1110],[479,958],[166,830],[580,1160],[77,231]]",6,"[[5.8, 90], [7.0, 98], [8.4, 147], [10.0, 141], [12.0, 203], [14.5, 236]]","[53, 64, 98, 71, 88]","[[0, 50, 0, 0, 50, 0, 500, 0], [50, 0, 100, 1000, 50, 500, 500, 1000], [0, 100, 0, 100, 500, 200, 1000, 50], [0, 1000, 100, 0, 0, 100, 1000, 0], [50, 50, 500, 0, 0, 100, 500, 500], [0, 500, 200, 100, 100, 0, 100, 200], [500, 500, 1000, 1000, 500, 100, 0, 500], [0, 1000, 50, 0, 500, 200, 500, 0]]",0.599,0.14,0.08,462
35,5,"[[500,1500],[459,1377],[122,610],[420,840],[61,244]]",4,"[[11.3, 172], [13.6, 243], [16.3, 317], [19.6, 343]]","[83, 79, 60]","[[0, 1000, 50, 50, 0], [1000, 0, 1000, 50, 100], [50, 1000, 0, 0, 100], [50, 50, 0, 0, 100], [0, 100, 100, 100, 0]]",0.333,0.14,0.06,469
36,15,"[[76,380],[98,294],[64,256],[67,201],[57,171],[85,425],[87,522],[498,1494],[483,966],[184,1104],[58,232],[56,336],[233,1165],[217,1302],[172,1032]]",6,"[[11.2, 203], [13.4, 198], [16.1, 168], [19.3, 262], [23.1, 388], [27.8, 293]]","[29, 83, 33, 95, 45]","[[0, 0, 1000, 500, 200, 200, 200, 100, 200, 0, 0, 50, 500, 200, 200], [0, 0, 0, 1000, 0, 0, 500, 200, 50, 1000, 200, 500, 50, 500, 1000], [1000, 0, 0, 1000, 1000, 0, 200, 1000, 1000, 0, 1000, 0, 50, 50, 0], [500, 1000, 1000, 0, 200, 100, 0, 200, 100, 500, 1000, 0, 0, 0, 0], [200, 0, 1000, 200, 0, 0, 100, 100, 100, 0, 200, 0, 0, 0, 0], [200, 0, 0, 100, 0, 0, 0, 500, 100, 500, 100, 0, 50, 1000, 50], [200, 500, 200, 0, 100, 0, 0, 100, 1000, 0, 1000, 50, 1000, 100, 1000], [100, 200, 1000, 200, 100, 500, 100, 0, 500, 0, 0, 0, 500, 0, 500], [200, 50, 1000, 100, 100, 100, 1000, 500, 0, 50, 0, 0, 1000, 0, 50], [0, 1000, 0, 500, 0, 500, 0, 0, 50, 0, 100, 200, 100, 0, 200], [0, 200, 1000, 1000, 200, 100, 1000, 0, 0, 100, 0, 200, 0, 500, 0], [50, 500, 0, 0, 0, 0, 50, 0, 0, 200, 200, 0, 200, 0, 50], [500, 50, 50, 0, 0, 50, 1000, 500, 1000, 100, 0, 200, 0, 200, 1000], [200, 500, 50, 0, 0, 1000, 100, 0, 0, 0, 500, 0, 200, 0, 50], [200, 1000, 0, 0, 0, 50, 1000, 500, 50, 200, 0, 50, 1000, 50, 0]]",0.258,0.1,0.05,410
37,6,"[[82,410],[117,936],[297,891],[71,426],[518,1554],[295,885]]",5,"[[11.6, 208], [13.9, 265], [16.7, 277], [20.0, 328], [24.0, 307]]","[32, 63, 95, 44]","[[0, 0, 200, 200, 500, 100], [0, 0, 500, 200, 0, 500], [200, 500, 0, 100, 500, 50], [200, 200, 100, 0, 0, 500], [500, 0, 500, 0, 0, 1000], [100, 500, 50, 500, 1000, 0]]",0.149,0.12,0.03,381
38,13,"[[67,268],[85,510],[396,1188],[57,228],[234,1638],[120,600],[241,1205],[146,1022],[381,1143],[153,1071],[81,486],[250,1750],[161,805]]",4,"[[7.1, 103], [8.6, 90], [10.3, 181], [12.3, 217]]","[97, 24, 44]","[[0, 100, 1000, 50, 100, 200, 50, 0, 50, 1000, 0, 0, 0], [100, 0, 0, 1000, 200, 0, 1000, 200, 0, 200, 0, 0, 50], [1000, 0, 0, 50, 500, 50, 0, 0, 500, 50, 200, 0, 0], [50, 1000, 50, 0, 100, 200, 100, 500, 50, 500, 1000, 50, 50], [100, 200, 500, 100, 0, 50, 50, 200, 500, 1000, 500, 100, 500], [200, 0, 50, 200, 50, 0, 50, 0, 50, 0, 0, 50, 100], [50, 1000, 0, 100, 50, 50, 0, 200, 0, 0, 50, 0, 1000], [0, 200, 0, 500, 200, 0, 200, 0, 200, 50, 1000, 100, 100], [50, 0, 500, 50, 500, 50, 0, 200, 0, 200, 50, 100, 0], [1000, 200, 50, 500, 1000, 0, 0, 50, 200, 0, 100, 50, 100], [0, 0, 200, 1000, 500, 0, 50, 1000, 50, 100, 0, 200, 0], [0, 0, 0, 50, 100, 50, 0, 100, 100, 50, 200, 0, 50], [0, 50, 0, 50, 500, 100, 1000, 100, 0, 100, 0, 50, 0]]",0.54,0.1,0.06,312
39,10,"[[289,867],[236,1888],[124,744],[55,330],[92,276],[64,320],[218,1526],[283,566],[418,1254],[119,833]]",7,"[[7.8, 81], [9.4, 111], [11.3, 158], [13.5, 204], [16.2, 308], [19.5, 349], [23.4, 378]]","[83, 70, 60, 25, 94, 86]","[[0, 0, 500, 50, 200, 500, 0, 0, 0, 1000], [0, 0, 0, 50, 0, 0, 100, 0, 0, 200], [500, 0, 0, 100, 0, 200, 1000, 50, 50, 200], [50, 50, 100, 0, 200, 50, 100, 1000, 50, 500], [200, 0, 0, 200, 0, 100, 500, 100, 50, 100], [500, 0, 200, 50, 100, 0, 100, 50, 200, 200], [0, 100, 1000, 100, 500, 100, 0, 200, 50, 500], [0, 0, 50, 1000, 100, 50, 200, 0, 100, 200], [0, 0, 50, 50, 50, 200, 50, 100, 0, 0], [1000, 200, 200, 500, 100, 200, 500, 200, 0, 0]]",0.411,0.06,0.06,351
40,6,"[[82,492],[225,1350],[75,225],[73,365],[349,1047],[58,232]]",5,"[[8.7, 123], [10.4, 170], [12.5, 213], [15.0, 274], [18.0, 299]]","[38, 34, 82, 26]","[[0, 50, 500, 100, 100, 50], [50, 0, 100, 500, 0, 0], [500, 100, 0, 200, 500, 0], [100, 500, 200, 0, 0, 50], [100, 0, 500, 0, 0, 0], [50, 0, 0, 50, 0, 0]]",0.352,0.1,0.05,461
41,7,"[[362,724],[54,324],[174,1218],[81,486],[577,1154],[118,590],[325,975]]",5,"[[5.6, 91], [6.7, 131], [8.1, 137], [9.7, 177], [11.6, 196]]","[89, 29, 76, 40]","[[0, 500, 200, 0, 50, 50, 500], [500, 0, 1000, 0, 0, 0, 50], [200, 1000, 0, 1000, 0, 50, 0], [0, 0, 1000, 0, 200, 100, 0], [50, 0, 0, 200, 0, 500, 500], [50, 0, 50, 100, 500, 0, 0], [500, 50, 0, 0, 500, 0, 0]]",0.556,0.07,0.04,337
42,18,"[[93,372],[90,540],[112,896],[582,1746],[382,1146],[138,966],[136,816],[199,1194],[216,1728],[153,1071],[65,325],[493,1479],[261,783],[300,600],[148,740],[417,834],[100,700],[189,1512]]",7,"[[10.5, 183], [12.6, 217], [15.2, 195], [18.2, 214], [21.8, 235], [26.2, 387], [31.4, 512]]","[48, 44, 86, 98, 63, 84]","[[0, 50, 50, 0, 1000, 500, 1000, 0, 100, 0, 0, 0, 500, 100, 0, 50, 200, 500], [50, 0, 0, 100, 1000, 200, 0, 100, 200, 1000, 100, 200, 200, 500, 100, 0, 100, 200], [50, 0, 0, 0, 0, 0, 500, 200, 100, 200, 100, 100, 50, 200, 0, 0, 1000, 50], [0, 100, 0, 0, 200, 200, 0, 500, 100, 100, 0, 0, 1000, 100, 100, 0, 50, 0], [1000, 1000, 0, 200, 0, 200, 50, 1000, 100, 1000, 0, 0, 0, 1000, 50, 100, 500, 0], [500, 200, 0, 200, 200, 0, 500, 500, 100, 50, 200, 200, 1000, 1000, 0, 0, 200, 0], [1000, 0, 500, 0, 50, 500, 0, 1000, 0, 100, 200, 100, 1000, 1000, 0, 0, 500, 500], [0, 100, 200, 500, 1000, 500, 1000, 0, 1000, 0, 100, 0, 0, 0, 100, 500, 500, 50], [100, 200, 100, 100, 100, 100, 0, 1000, 0, 1000, 50, 50, 500, 500, 0, 100, 100, 200], [0, 1000, 200, 100, 1000, 50, 100, 0, 1000, 0, 200, 0, 500, 1000, 1000, 100, 0, 1000], [0, 100, 100, 0, 0, 200, 200, 100, 50, 200, 0, 0, 500, 500, 500, 1000, 0, 0], [0, 200, 100, 0, 0, 200, 100, 0, 50, 0, 0, 0, 500, 100, 200, 200, 500, 1000], [500, 200, 50, 1000, 0, 1000, 1000, 0, 500, 500, 500, 500, 0, 0, 100, 100, 50, 100], [100, 500, 200, 100, 1000, 1000, 1000, 0, 500, 1000, 500, 100, 0, 0, 0, 50, 50, 0], [0, 100, 0, 100, 50, 0, 0, 100, 0, 1000, 500, 200, 100, 0, 0, 0, 500, 0], [50, 0, 0, 0, 100, 0, 0, 500, 100, 100, 1000, 200, 100, 50, 0, 0, 100, 0], [200, 100, 1000, 50, 500, 200, 500, 500, 100, 0, 0, 500, 50, 50, 500, 100, 0, 0], [500, 200, 50, 0, 0, 0, 500, 50, 200, 1000, 0, 1000, 100, 0, 0, 0, 0, 0]]",0.548,0.11,0.05,452
43,7,"[[96,576],[63,378],[430,860],[503,1006],[331,662],[98,294],[78,234]]",4,"[[6.7, 107], [8.0, 123], [9.6, 136], [11.6, 131]]","[66, 73, 41]","[[0, 1000, 200, 0, 1000, 50, 1000], [1000, 0, 0, 100, 200, 500, 100], [200, 0, 0, 200, 500, 0, 100], [0, 100, 200, 0, 0, 50, 0], [1000, 200, 500, 0, 0, 100, 500], [50, 500, 0, 50, 100, 0, 1000], [1000, 100, 100, 0, 500, 1000, 0]]",0.432,0.05,0.02,426
44,8,"[[324,972],[136,680],[234,1404],[180,1260],[52,260],[504,1008],[96,480],[304,912]]",6,"[[8.9, 159], [10.7, 123], [12.8, 169], [15.4, 160], [18.5, 257], [22.2, 236]]","[91, 74, 66, 75, 44]","[[0, 1000, 0, 500, 0, 1000, 1000, 500], [1000, 0, 200, 500, 0, 100, 0, 0], [0, 200, 0, 100, 1000, 50, 100, 200], [500, 500, 100, 0, 50, 50, 0, 0], [0, 0, 1000, 50, 0, 100, 0, 1000], [1000, 100, 50, 50, 100, 0, 200, 1000], [1000, 0, 100, 0, 0, 200, 0, 100], [500, 0, 200, 0, 1000, 1000, 100, 0]]",0.541,0.14,0.04,262
45,7,"[[231,1155],[498,996],[56,336],[229,1832],[544,1088],[122,976],[50,150]]",5,"[[13.0, 183], [15.5, 186], [18.6, 347], [22.4, 346], [26.9, 417]]","[27, 78, 29, 88]","[[0, 500, 0, 500, 100, 0, 1000], [500, 0, 100, 50, 200, 200, 100], [0, 100, 0, 1000, 0, 50, 50], [500, 50, 1000, 0, 200, 100, 50], [100, 200, 0, 200, 0, 0, 100], [0, 200, 50, 100, 0, 0, 1000], [1000, 100, 50, 50, 100, 1000, 0]]",0.294,0.06,0.04,404
46,19,"[[135,675],[226,1130],[138,1104],[103,824],[188,1504],[516,1032],[53,159],[50,200],[195,1560],[90,360],[223,1784],[198,1584],[156,936],[115,575],[563,1126],[137,1096],[404,808],[169,845],[86,258]]",7,"[[6.4, 117], [7.7, 125], [9.3, 145], [11.1, 139], [13.4, 218], [16.0, 160], [19.2, 192]]","[64, 28, 30, 52, 86, 100]","[[0, 0, 0, 200, 200, 1000, 100, 500, 200, 500, 0, 50, 200, 500, 0, 100, 200, 500, 100], [0, 0, 0, 100, 0, 200, 0, 500, 1000, 0, 0, 0, 0, 100, 100, 0, 50, 0, 0], [0, 0, 0, 50, 1000, 1000, 500, 0, 0, 50, 1000, 1000, 100, 100, 1000, 0, 0, 1000, 500], [200, 100, 50, 0, 50, 100, 500, 0, 50, 0, 100, 1000, 1000, 50, 0, 100, 50, 1000, 100], [200, 0, 1000, 50, 0, 0, 50, 200, 50, 50, 0, 1000, 0, 200, 500, 100, 1000, 500, 1000], [1000, 200, 1000, 100, 0, 0, 50, 200, 50, 100, 50, 0, 500, 500, 0, 500, 0, 500, 1000], [100, 0, 500, 500, 50, 50, 0, 500, 0, 0, 1000, 500, 100, 500, 1000, 50, 200, 0, 100], [500, 500, 0, 0, 200, 200, 500, 0, 500, 50, 1000, 50, 1000, 200, 200, 100, 0, 500, 0], [200, 1000, 0, 50, 50, 50, 0, 500, 0, 50, 1000, 0, 500, 1000, 0, 500, 0, 0, 1000], [500, 0, 50, 0, 50, 100, 0, 50, 50, 0, 200, 0, 200, 50, 100, 1000, 0, 200, 200], [0, 0, 1000, 100, 0, 50, 1000, 1000, 1000, 200, 0, 500, 500, 500, 500, 50, 500, 100, 200], [50, 0, 1000, 1000, 1000, 0, 500, 50, 0, 0, 500, 0, 50, 0, 50, 100, 50, 0, 200], [200, 0, 100, 1000, 0, 500, 100, 1000, 500, 200, 500, 50, 0, 1000, 0, 500, 100, 0, 0], [500, 100, 100, 50, 200, 500, 500, 200, 1000, 50, 500, 0, 1000, 0, 1000, 100, 0, 500, 0], [0, 100, 1000, 0, 500, 0, 1000, 200, 0, 100, 500, 50, 0, 1000, 0, 100, 200, 50, 100], [100, 0, 0, 100, 100, 500, 50, 100, 500, 1000, 50, 100, 500, 100, 100, 0, 1000, 100, 200], [200, 50, 0, 50, 1000, 0, 200, 0, 0, 0, 500, 50, 100, 0, 200, 1000, 0, 200, 1000], [500, 0, 1000, 1000, 500, 500, 0, 500, 0, 200, 100, 0, 0, 500, 50, 100, 200, 0, 1000], [100, 0, 500, 100, 1000, 1000, 100, 0, 1000, 200, 200, 200, 0, 0, 100, 200, 1000, 1000, 0]]",0.287,0.1,0.04,414
47,8,"[[216,1080],[62,372],[503,1509],[266,532],[442,1326],[85,340],[63,189],[108,756]]",6,"[[13.3, 147], [16.0, 203], [19.2, 326], [23.0, 429], [27.6, 457], [33.2, 615]]","[80, 72, 57, 85, 96]","[[0, 0, 0, 200, 200, 500, 200, 500], [0, 0, 1000, 0, 0, 100, 200, 50], [0, 1000, 0, 200, 100, 200, 0, 0], [200, 0, 200, 0, 100, 0, 100, 500], [200, 0, 100, 100, 0, 0, 100, 50], [500, 100, 200, 0, 0, 0, 1000, 0], [200, 200, 0, 100, 100, 1000, 0, 0], [500, 50, 0, 500, 50, 0, 0, 0]]",0.108,0.09,0.02,324
48,9,"[[83,415],[196,1568],[81,405],[53,265],[248,1984],[450,900],[145,870],[145,1160],[83,498]]",7,"[[8.5, 158], [10.2, 161], [12.2, 199], [14.7, 175], [17.6, 204], [21.1, 258], [25.3, 320]]","[72, 61, 48, 94, 80, 28]","[[0, 500, 0, 100, 100, 100, 200, 100, 50], [500, 0, 200, 200, 50, 100, 0, 500, 500], [0, 200, 0, 200, 1000, 1000, 0, 50, 0], [100, 200, 200, 0, 200, 100, 200, 0, 500], [100, 50, 1000, 200, 0, 1000, 100, 0, 100], [100, 100, 1000, 100, 1000, 0, 500, 50, 100], [200, 0, 0, 200, 100, 500, 0, 1000, 100], [100, 500, 50, 0, 0, 50, 1000, 0, 0], [50, 500, 0, 500, 100, 100, 100, 0, 0]]",0.403,0.07,0.07,359
49,8,"[[84,420],[95,285],[83,249],[53,212],[109,545],[481,962],[70,420],[90,360]]",6,"[[13.5, 136], [16.1, 243], [19.4, 304], [23.2, 248], [27.9, 485], [33.5, 380]]","[59, 24, 22, 24, 34]","[[0, 50, 50, 500, 500, 1000, 1000, 100], [50, 0, 100, 500, 500, 1000, 500, 50], [50, 100, 0, 200, 50, 100, 1000, 1000], [500, 500, 200, 0, 200, 50, 50, 1000], [500, 500, 50, 200, 0, 50, 100, 0], [1000, 1000, 100, 50, 50, 0, 50, 0], [1000, 500, 1000, 50, 100, 50, 0, 50], [100, 50, 1000, 1000, 0, 0, 50, 0]]",0.42,0.14,0.06,256
50,5,"[[472,944],[58,174],[382,1146],[86,258],[237,1422]]",4,"[[10.6, 182], [12.7, 175], [15.2, 239], [18.2, 201]]","[25, 49, 76]","[[0, 0, 500, 1000, 200], [0, 0, 0, 500, 100], [500, 0, 0, 100, 50], [1000, 500, 100, 0, 0], [200, 100, 50, 0, 0]]",0.367,0.1,0.05,363
51,13,"[[198,990],[297,594],[84,336],[197,1182],[111,888],[70,210],[252,756],[510,1530],[488,976],[246,1968],[400,800],[250,1250],[365,730]]",4,"[[14.3, 212], [17.1, 206], [20.5, 390], [24.6, 301]]","[61, 27, 34]","[[0, 0, 0, 500, 100, 100, 200, 500, 200, 100, 500, 0, 0], [0, 0, 50, 200, 500, 50, 200, 50, 50, 0, 100, 0, 0], [0, 50, 0, 100, 100, 100, 200, 0, 0, 500, 0, 0, 0], [500, 200, 100, 0, 1000, 0, 0, 50, 500, 50, 50, 50, 0], [100, 500, 100, 1000, 0, 50, 0, 500, 100, 100, 0, 200, 0], [100, 50, 100, 0, 50, 0, 500, 1000, 0, 50, 500, 500, 1000], [200, 200, 200, 0, 0, 500, 0, 100, 200, 0, 100, 1000, 0], [500, 50, 0, 50, 500, 1000, 100, 0, 0, 50, 200, 50, 500], [200, 50, 0, 500, 100, 0, 200, 0, 0, 50, 0, 0, 500], [100, 0, 500, 50, 100, 50, 0, 50, 50, 0, 500, 500, 200], [500, 100, 0, 50, 0, 500, 100, 200, 0, 500, 0, 1000, 200], [0, 0, 0, 50, 200, 500, 1000, 50, 0, 500, 1000, 0, 200], [0, 0, 0, 0, 0, 1000, 0, 500, 500, 200, 200, 200, 0]]",0.596,0.06,0.04,231
52,6,"[[174,1044],[98,588],[199,1194],[147,1029],[477,954],[177,1239]]",5,"[[6.1, 94], [7.3, 82], [8.8, 120], [10.6, 187], [12.7, 184]]","[50, 95, 82, 59]","[[0, 200, 50, 0, 1000, 200], [200, 0, 200, 200, 0, 500], [50, 200, 0, 100, 1000, 100], [0, 200, 100, 0, 50, 0], [1000, 0, 1000, 50, 0, 50], [200, 500, 100, 0, 50, 0]]",0.58,0.11,0.06,413
53,9,"[[392,784],[460,1380],[459,918],[64,192],[173,1038],[60,180],[179,1432],[537,1074],[64,384]]",6,"[[6.0, 85], [7.2, 140], [8.6, 99], [10.4, 157], [12.5, 168], [14.9, 204]]","[92, 37, 86, 43, 71]","[[0, 500, 200, 50, 200, 50, 500, 500, 200], [500, 0, 1000, 0, 1000, 500, 200, 500, 0], [200, 1000, 0, 0, 0, 100, 0, 200, 0], [50, 0, 0, 0, 50, 100, 0, 500, 200], [200, 1000, 0, 50, 0, 50, 500, 0, 100], [50, 500, 100, 100, 50, 0, 500, 50, 0], [500, 200, 0, 0, 500, 500, 0, 0, 50], [500, 500, 200, 500, 0, 50, 0, 0, 100], [200, 0, 0, 200, 100, 0, 50, 100, 0]]",0.577,0.05,0.04,327
54,14,"[[532,1596],[73,365],[194,1358],[277,831],[92,552],[92,276],[506,1518],[158,1106],[57,228],[63,252],[399,798],[57,285],[369,738],[377,1131]]",5,"[[8.2, 129], [9.8, 120], [11.8, 226], [14.2, 170], [17.0, 278]]","[73, 24, 29, 32]","[[0, 1000, 0, 200, 100, 200, 1000, 500, 500, 0, 500, 100, 0, 500], [1000, 0, 50, 0, 1000, 200, 0, 50, 0, 200, 200, 0, 50, 200], [0, 50, 0, 0, 1000, 50, 0, 500, 0, 0, 50, 1000, 100, 50], [200, 0, 0, 0, 50, 500, 0, 100, 50, 100, 500, 1000, 50, 50], [100, 1000, 1000, 50, 0, 0, 100, 500, 50, 200, 100, 500, 100, 0], [200, 200, 50, 500, 0, 0, 50, 100, 0, 200, 1000, 1000, 1000, 500], [1000, 0, 0, 0, 100, 50, 0, 200, 200, 100, 0, 100, 1000, 100], [500, 50, 500, 100, 500, 100, 200, 0, 0, 1000, 50, 200, 1000, 0], [500, 0, 0, 50, 50, 0, 200, 0, 0, 50, 500, 100, 0, 0], [0, 200, 0, 100, 200, 200, 100, 1000, 50, 0, 1000, 50, 1000, 200], [500, 200, 50, 500, 100, 1000, 0, 50, 500, 1000, 0, 100, 200, 1000], [100, 0, 1000, 1000, 500, 1000, 100, 200, 100, 50, 100, 0, 0, 500], [0, 50, 100, 50, 100, 1000, 1000, 1000, 0, 1000, 200, 0, 0, 200], [500, 200, 50, 50, 0, 500, 100, 0, 0, 200, 1000, 500, 200, 0]]",0.163,0.13,0.08,425
55,15,"[[88,352],[94,376],[209,1254],[518,1036],[529,1587],[156,780],[79,474],[438,1314],[137,959],[96,384],[221,1547],[204,1224],[151,1057],[307,614],[331,662]]",5,"[[5.0, 80], [6.0, 118], [7.2, 128], [8.7, 88], [10.4, 167]]","[33, 99, 41, 56]","[[0, 100, 100, 100, 200, 100, 1000, 0, 1000, 50, 100, 200, 1000, 0, 0], [100, 0, 0, 50, 50, 0, 500, 500, 0, 100, 0, 0, 50, 50, 500], [100, 0, 0, 100, 200, 200, 50, 500, 500, 500, 200, 50, 0, 100, 0], [100, 50, 100, 0, 100, 500, 0, 500, 0, 0, 50, 500, 500, 200, 100], [200, 50, 200, 100, 0, 0, 1000, 1000, 100, 0, 0, 0, 0, 0, 100], [100, 0, 200, 500, 0, 0, 1000, 1000, 50, 0, 500, 100, 500, 0, 200], [1000, 500, 50, 0, 1000, 1000, 0, 100, 1000, 1000, 1000, 100, 200, 0, 1000], [0, 500, 500, 500, 1000, 1000, 100, 0, 1000, 100, 1000, 100, 200, 0, 1000], [1000, 0, 500, 0, 100, 50, 1000, 1000, 0, 0, 50, 0, 0, 0, 100], [50, 100, 500, 0, 0, 0, 1000, 100, 0, 0, 200, 100, 0, 50, 100], [100, 0, 200, 50, 0, 500, 1000, 1000, 50, 200, 0, 0, 1000, 50, 100], [200, 0, 50, 500, 0, 100, 100, 100, 0, 100, 0, 0, 1000, 50, 50], [1000, 50, 0, 500, 0, 500, 200, 200, 0, 0, 1000, 1000, 0, 0, 200], [0, 50, 100, 200, 0, 0, 0, 0, 0, 50, 50, 50, 0, 0, 500], [0, 500, 0, 100, 100, 200, 1000, 1000, 100, 100, 100, 50, 200, 500, 0]]",0.344,0.05,0.01,290
56,5,"[[88,440],[62,186],[235,1880],[57,171],[168,840]]",4,"[[11.6, 168], [13.9, 139], [16.7, 195], [20.0, 388]]","[91, 77, 39]","[[0, 1000, 50, 1000, 1000], [1000, 0, 0, 0, 50], [50, 0, 0, 100, 0], [1000, 0, 100, 0, 50], [1000, 50, 0, 50, 0]]",0.461,0.08,0.02,339
57,10,"[[235,1645],[100,500],[226,1356],[281,843],[197,985],[73,219],[545,1090],[451,902],[59,354],[58,290]]",7,"[[12.9, 218], [15.5, 240], [18.6, 347], [22.3, 384], [26.7, 301], [32.1, 607], [38.5, 606]]","[75, 27, 38, 40, 73, 75]","[[0, 200, 1000, 0, 0, 0, 500, 500, 200, 0], [200, 0, 50, 50, 0, 1000, 0, 200, 0, 50], [1000, 50, 0, 500, 200, 500, 50, 50, 100, 50], [0, 50, 500, 0, 0, 200, 50, 100, 0, 0], [0, 0, 200, 0, 0, 100, 200, 50, 0, 100], [0, 1000, 500, 200, 100, 0, 0, 0, 0, 0], [500, 0, 50, 50, 200, 0, 0, 0, 50, 100], [500, 200, 50, 100, 50, 0, 0, 0, 1000, 0], [200, 0, 100, 0, 0, 0, 50, 1000, 0, 1000], [0, 50, 50, 0, 100, 0, 100, 0, 1000, 0]]",0.534,0.11,0.03,445
58,9,"[[494,1482],[126,630],[77,231],[474,1422],[374,748],[125,625],[373,746],[318,636],[55,275]]",7,"[[6.6, 81], [8.0, 133], [9.5, 170], [11.4, 166], [13.7, 179], [16.5, 172], [19.8, 292]]","[65, 61, 35, 29, 60, 76]","[[0, 200, 0, 200, 500, 1000, 200, 200, 100], [200, 0, 200, 100, 200, 0, 0, 0, 100], [0, 200, 0, 100, 100, 0, 200, 500, 0], [200, 100, 100, 0, 200, 200, 50, 100, 0], [500, 200, 100, 200, 0, 1000, 50, 500, 0], [1000, 0, 0, 200, 1000, 0, 0, 1000, 0], [200, 0, 200, 50, 50, 0, 0, 0, 0], [200, 0, 500, 100, 500, 1000, 0, 0, 100], [100, 100, 0, 0, 0, 0, 0, 100, 0]]",0.51,0.11,0.06,367
59,16,"[[204,1632],[198,1386],[485,1455],[321,642],[93,372],[561,1122],[90,450],[90,450],[71,213],[140,840],[195,1560],[591,1773],[419,838],[63,315],[90,540],[166,1328]]",6,"[[10.8, 165], [12.9, 137], [15.5, 244], [18.6, 316], [22.3, 307], [26.8, 285]]","[50, 27, 83, 50, 53]","[[0, 200, 100, 500, 500, 100, 0, 100, 100, 500, 0, 100, 500, 1000, 100, 50], [200, 0, 100, 0, 500, 200, 200, 0, 100, 500, 0, 0, 500, 50, 50, 0], [100, 100, 0, 50, 500, 200, 200, 0, 200, 200, 0, 500, 1000, 50, 50, 100], [500, 0, 50, 0, 50, 50, 0, 1000, 0, 1000, 50, 100, 200, 100, 1000, 200], [500, 500, 500, 50, 0, 200, 1000, 0, 50, 1000, 1000, 0, 50, 0, 0, 50], [100, 200, 200, 50, 200, 0, 200, 0, 100, 500, 0, 0, 200, 0, 200, 100], [0, 200, 200, 0, 1000, 200, 0, 500, 0, 0, 200, 50, 0, 0, 0, 50], [100, 0, 0, 1000, 0, 0, 500, 0, 0, 100, 0, 1000, 1000, 50, 0, 200], [100, 100, 200, 0, 50, 100, 0, 0, 0, 0, 200, 0, 1000, 100, 0, 0], [500, 500, 200, 1000, 1000, 500, 0, 100, 0, 0, 200, 500, 100, 200, 50, 200], [0, 0, 0, 50, 1000, 0, 200, 0, 200, 200, 0, 0, 1000, 1000, 50, 50], [100, 0, 500, 100, 0, 0, 50, 1000, 0, 500, 0, 0, 200, 0, 500, 50], [500, 500, 1000, 200, 50, 200, 0, 1000, 1000, 100, 1000, 200, 0, 100, 100, 0], [1000, 50, 50, 100, 0, 0, 0, 50, 100, 200, 1000, 0, 100, 0, 0, 200], [100, 50, 50, 1000, 0, 200, 0, 0, 0, 50, 50, 500, 100, 0, 0, 50], [50, 0, 100, 200, 50, 100, 50, 200, 0, 200, 50, 50, 0, 200, 50, 0]]",0.24,0.09,0.06,330
60,13,"[[80,400],[76,228],[294,588],[87,435],[405,810],[385,1155],[599,1797],[539,1078],[95,380],[100,800],[379,758],[341,682],[100,300]]",4,"[[11.4, 180], [13.7, 204], [16.4, 309], [19.7, 361]]","[60, 74, 38]","[[0, 1000, 0, 500, 100, 0, 0, 0, 100, 100, 500, 500, 0], [1000, 0, 100, 500, 50, 0, 1000, 50, 500, 50, 500, 100, 100], [0, 100, 0, 50, 500, 200, 100, 0, 0, 0, 0, 0, 1000], [500, 500, 50, 0, 0, 0, 500, 100, 100, 1000, 1000, 200, 50], [100, 50, 500, 0, 0, 50, 1000, 0, 50, 0, 0, 500, 200], [0, 0, 200, 0, 50, 0, 50, 0, 0, 0, 100, 500, 1000], [0, 1000, 100, 500, 1000, 50, 0, 100, 500, 100, 0, 0, 500], [0, 50, 0, 100, 0, 0, 100, 0, 50, 100, 0, 0, 500], [100, 500, 0, 100, 50, 0, 500, 50, 0, 500, 50, 200, 50], [100, 50, 0, 1000, 0, 0, 100, 100, 500, 0, 500, 1000, 0], [500, 500, 0, 1000, 0, 100, 0, 0, 50, 500, 0, 50, 100], [500, 100, 0, 200, 500, 500, 0, 0, 200, 1000, 50, 0, 100], [0, 100, 1000, 50, 200, 1000, 500, 500, 50, 0, 100, 100, 0]]",0.524,0.11,0.02,357
61,6,"[[210,1050],[569,1707],[240,1440],[499,998],[316,632],[224,1568]]",5,"[[9.2, 124], [11.0, 210], [13.2, 176], [15.9, 262], [19.0, 241]]","[77, 56, 69, 24]","[[0, 0, 0, 50, 100, 100], [0, 0, 0, 0, 0, 1000], [0, 0, 0, 500, 0, 0], [50, 0, 500, 0, 50, 0], [100, 0, 0, 50, 0, 0], [100, 1000, 0, 0, 0, 0]]",0.525,0.09,0.07,347
62,8,"[[145,1015],[75,300],[563,1689],[97,291],[580,1740],[471,1413],[85,255],[579,1737]]",7,"[[13.0, 256], [15.6, 286], [18.7, 198], [22.5, 322], [27.0, 533], [32.4, 548], [38.8, 448]]","[97, 79, 51, 22, 95, 76]","[[0, 200, 0, 200, 0, 500, 0, 1000], [200, 0, 200, 0, 0, 200, 0, 0], [0, 200, 0, 200, 200, 500, 200, 100], [200, 0, 200, 0, 0, 1000, 200, 50], [0, 0, 200, 0, 0, 200, 500, 1000], [500, 200, 500, 1000, 200, 0, 0, 100], [0, 0, 200, 200, 500, 0, 0, 0], [1000, 0, 100, 50, 1000, 100, 0, 0]]",0.131,0.06,0.06,228
63,8,"[[109,872],[90,270],[279,558],[532,1596],[180,1260],[177,885],[50,300],[109,545]]",6,"[[6.3, 114], [7.5, 125], [9.0, 98], [10.9, 197], [13.0, 249], [15.6, 211]]","[70, 84, 60, 60, 31]","[[0, 500, 50, 100, 0, 100, 50, 50], [500, 0, 500, 500, 50, 50, 200, 0], [50, 500, 0, 0, 0, 0, 500, 0], [100, 500, 0, 0, 100, 500, 0, 50], [0, 50, 0, 100, 0, 100, 500, 0], [100, 50, 0, 500, 100, 0, 50, 200], [50, 200, 500, 0, 500, 50, 0, 0], [50, 0, 0, 50, 0, 200, 0, 0]]",0.443,0.08,0.05,270
64,10,"[[77,308],[83,249],[70,420],[148,1036],[96,480],[139,695],[361,722],[81,243],[96,576],[72,216]]",7,"[[15.0, 193], [18.0, 190], [21.6, 390], [25.9, 385], [31.0, 602], [37.2, 610], [44.7, 649]]","[39, 41, 92, 31, 26, 44]","[[0, 0, 1000, 0, 0, 1000, 0, 100, 0, 500], [0, 0, 50, 0, 50, 500, 1000, 500, 0, 0], [1000, 50, 0, 1000, 200, 1000, 0, 0, 500, 500], [0, 0, 1000, 0, 0, 0, 200, 50, 50, 0], [0, 50, 200, 0, 0, 1000, 0, 500, 50, 100], [1000, 500, 1000, 0, 1000, 0, 0, 500, 100, 100], [0, 1000, 0, 200, 0, 0, 0, 1000, 1000, 0], [100, 500, 0, 50, 500, 500, 1000, 0, 50, 50], [0, 0, 500, 50, 50, 100, 1000, 50, 0, 0], [500, 0, 500, 0, 100, 100, 0, 50, 0, 0]]",0.233,0.12,0.06,314
65,9,"[[50,150],[59,236],[241,1928],[336,672],[179,895],[580,1160],[590,1180],[254,508],[418,1254]]",6,"[[5.5, 74], [6.6, 93], [7.9, 92], [9.5, 125], [11.4, 146], [13.6, 161]]","[20, 58, 39, 44, 51]","[[0, 1000, 100, 0, 50, 200, 1000, 0, 0], [1000, 0, 100, 100, 500, 100, 0, 200, 0], [100, 100, 0, 0, 500, 0, 500, 500, 0], [0, 100, 0, 0, 500, 100, 100, 1000, 0], [50, 500, 500, 500, 0, 1000, 200, 0, 0], [200, 100, 0, 100, 1000, 0, 500, 1000, 500], [1000, 0, 500, 100, 200, 500, 0, 200, 50], [0, 200, 500, 1000, 0, 1000, 200, 0, 0], [0, 0, 0, 0, 0, 500, 50, 0, 0]]",0.315,0.06,0.04,290
66,18,"[[592,1184],[472,944],[76,304],[97,291],[316,632],[95,570],[54,270],[99,594],[236,1180],[228,1140],[70,350],[367,1101],[102,816],[84,336],[284,852],[600,1800],[423,846],[398,1194]]",7,"[[9.9, 170], [11.8, 143], [14.2, 189], [17.0, 253], [20.4, 325], [24.5, 457], [29.4, 334]]","[25, 61, 65, 35, 76, 89]","[[0, 0, 50, 50, 1000, 50, 0, 100, 0, 1000, 200, 50, 200, 100, 200, 500, 200, 200], [0, 0, 100, 50, 500, 0, 50, 0, 200, 0, 1000, 1000, 200, 0, 500, 50, 1000, 200], [50, 100, 0, 100, 0, 500, 0, 500, 50, 1000, 0, 200, 0, 0, 200, 1000, 100, 0], [50, 50, 100, 0, 1000, 1000, 0, 50, 0, 100, 1000, 1000, 1000, 200, 1000, 50, 100, 500], [1000, 500, 0, 1000, 0, 0, 50, 1000, 50, 500, 200, 50, 500, 200, 1000, 50, 1000, 200], [50, 0, 500, 1000, 0, 0, 500, 500, 100, 1000, 0, 200, 500, 0, 1000, 0, 100, 0], [0, 50, 0, 0, 50, 500, 0, 0, 0, 1000, 100, 200, 0, 0, 500, 0, 0, 0], [100, 0, 500, 50, 1000, 500, 0, 0, 50, 1000, 500, 50, 0, 1000, 0, 0, 50, 200], [0, 200, 50, 0, 50, 100, 0, 50, 0, 200, 0, 500, 100, 1000, 500, 100, 0, 0], [1000, 0, 1000, 100, 500, 1000, 1000, 1000, 200, 0, 500, 0, 1000, 50, 200, 0, 50, 0], [200, 1000, 0, 1000, 200, 0, 100, 500, 0, 500, 0, 0, 0, 500, 0, 500, 200, 1000], [50, 1000, 200, 1000, 50, 200, 200, 50, 500, 0, 0, 0, 50, 200, 50, 200, 100, 0], [200, 200, 0, 1000, 500, 500, 0, 0, 100, 1000, 0, 50, 0, 500, 1000, 50, 1000, 500], [100, 0, 0, 200, 200, 0, 0, 1000, 1000, 50, 500, 200, 500, 0, 0, 0, 50, 0], [200, 500, 200, 1000, 1000, 1000, 500, 0, 500, 200, 0, 50, 1000, 0, 0, 0, 100, 500], [500, 50, 1000, 50, 50, 0, 0, 0, 100, 0, 500, 200, 50, 0, 0, 0, 200, 1000], [200, 1000, 100, 100, 1000, 100, 0, 50, 0, 50, 200, 100, 1000, 50, 100, 200, 0, 0], [200, 200, 0, 500, 200, 0, 0, 200, 0, 0, 1000, 0, 500, 0, 500, 1000, 0, 0]]",0.344,0.1,0.06,478
67,7,"[[149,1043],[136,1088],[135,1080],[86,258],[78,390],[65,325],[211,1477]]",4,"[[10.7, 122], [12.8, 216], [15.4, 236], [18.4, 342]]","[81, 91, 78]","[[0, 200, 50, 100, 50, 0, 0], [200, 0, 0, 100, 0, 500, 1000], [50, 0, 0, 50, 0, 0, 200], [100, 100, 50, 0, 1000, 500, 200], [50, 0, 0, 1000, 0, 200, 0], [0, 500, 0, 500, 200, 0, 1000], [0, 1000, 200, 200, 0, 1000, 0]]",0.551,0.11,0.04,352
68,7,"[[154,1232],[160,1280],[366,732],[61,366],[284,568],[58,290],[560,1120]]",4,"[[7.4, 118], [8.8, 164], [10.6, 121], [12.7, 187]]","[36, 53, 76]","[[0, 0, 0, 50, 50, 100, 100], [0, 0, 50, 100, 1000, 1000, 50], [0, 50, 0, 0, 200, 200, 100], [50, 100, 0, 0, 100, 100, 100], [50, 1000, 200, 100, 0, 500, 0], [100, 1000, 200, 100, 500, 0, 0], [100, 50, 100, 100, 0, 0, 0]]",0.498,0.14,0.04,411
69,7,"[[126,630],[358,716],[100,400],[210,1470],[491,982],[201,1407],[57,285]]",4,"[[10.7, 208], [12.8, 156], [15.4, 246], [18.4, 218]]","[70, 56, 78]","[[0, 100, 500, 200, 100, 1000, 100], [100, 0, 100, 200, 500, 50, 0], [500, 100, 0, 200, 0, 500, 500], [200, 200, 200, 0, 500, 100, 0], [100, 500, 0, 500, 0, 500, 1000], [1000, 50, 500, 100, 500, 0, 1000], [100, 0, 500, 0, 1000, 1000, 0]]",0.159,0.07,0.05,348
70,7,"[[84,420],[429,1287],[69,276],[467,934],[217,1519],[182,1456],[342,684]]",6,"[[6.1, 63], [7.3, 122], [8.8, 144], [10.6, 177], [12.7, 155], [15.2, 274]]","[57, 25, 59, 79, 60]","[[0, 1000, 1000, 0, 0, 0, 50], [1000, 0, 0, 500, 500, 100, 500], [1000, 0, 0, 100, 1000, 1000, 0], [0, 500, 100, 0, 100, 0, 0], [0, 500, 1000, 100, 0, 200, 0], [0, 100, 1000, 0, 200, 0, 50], [50, 500, 0, 0, 0, 50, 0]]",0.56,0.07,0.03,302
71,9,"[[148,1184],[60,240],[199,1393],[73,365],[584,1168],[66,198],[77,231],[440,1320],[334,1002]]",7,"[[10.8, 190], [13.0, 168], [15.5, 302], [18.7, 250], [22.4, 255], [26.9, 426], [32.2, 374]]","[70, 82, 99, 52, 40, 36]","[[0, 1000, 0, 50, 1000, 200, 0, 50, 500], [1000, 0, 0, 0, 1000, 50, 50, 1000, 0], [0, 0, 0, 1000, 0, 50, 100, 50, 0], [50, 0, 1000, 0, 500, 100, 200, 0, 500], [1000, 1000, 0, 500, 0, 1000, 500, 200, 0], [200, 50, 50, 100, 1000, 0, 0, 0, 100], [0, 50, 100, 200, 500, 0, 0, 500, 50], [50, 1000, 50, 0, 200, 0, 500, 0, 0], [500, 0, 0, 500, 0, 100, 50, 0, 0]]",0.149,0.06,0.04,204
72,8,"[[544,1088],[256,768],[412,824],[361,722],[198,1188],[93,279],[134,670],[517,1034]]",5,"[[11.9, 146], [14.3, 242], [17.2, 297], [20.6, 391], [24.7, 467]]","[63, 45, 27, 22]","[[0, 1000, 1000, 0, 100, 0, 50, 500], [1000, 0, 50, 100, 500, 100, 1000, 0], [1000, 50, 0, 0, 0, 200, 200, 1000], [0, 100, 0, 0, 1000, 1000, 0, 100], [100, 500, 0, 1000, 0, 50, 200, 500], [0, 100, 200, 1000, 50, 0, 100, 200], [50, 1000, 200, 0, 200, 100, 0, 50], [500, 0, 1000, 100, 500, 200, 50, 0]]",0.224,0.1,0.04,373
73,10,"[[448,1344],[468,1404],[134,670],[187,935],[444,1332],[218,1526],[165,1320],[63,315],[104,728],[529,1587]]",7,"[[10.9, 197], [13.1, 253], [15.7, 200], [18.8, 286], [22.6, 322], [27.1, 316], [32.5, 496]]","[79, 90, 92, 45, 99, 23]","[[0, 200, 500, 200, 0, 0, 0, 0, 1000, 100], [200, 0, 0, 50, 100, 0, 200, 1000, 100, 0], [500, 0, 0, 100, 1000, 200, 50, 50, 200, 0], [200, 50, 100, 0, 50, 0, 1000, 1000, 0, 0], [0, 100, 1000, 50, 0, 100, 0, 200, 0, 200], [0, 0, 200, 0, 100, 0, 0, 200, 1000, 50], [0, 200, 50, 1000, 0, 0, 0, 50, 0, 100], [0, 1000, 50, 1000, 200, 200, 50, 0, 0, 0], [1000, 100, 200, 0, 0, 1000, 0, 0, 0, 500], [100, 0, 0, 0, 200, 50, 100, 0, 500, 0]]",0.446,0.11,0.03,264
74,10,"[[204,1632],[87,522],[215,1075],[183,915],[136,680],[244,1708],[571,1142],[60,300],[527,1054],[81,324]]",7,"[[13.3, 231], [16.0, 225], [19.2, 282], [23.0, 345], [27.6, 452], [33.1, 431], [39.7, 418]]","[87, 72, 92, 33, 98, 63]","[[0, 0, 500, 0, 500, 1000, 500, 0, 0, 0], [0, 0, 0, 500, 100, 0, 100, 1000, 1000, 500], [500, 0, 0, 0, 100, 100, 50, 1000, 0, 500], [0, 500, 0, 0, 100, 0, 500, 50, 1000, 100], [500, 100, 100, 100, 0, 500, 0, 100, 0, 100], [1000, 0, 100, 0, 500, 0, 0, 1000, 200, 500], [500, 100, 50, 500, 0, 0, 0, 100, 500, 1000], [0, 1000, 1000, 50, 100, 1000, 100, 0, 50, 0], [0, 1000, 0, 1000, 0, 200, 500, 50, 0, 500], [0, 500, 500, 100, 100, 500, 1000, 0, 500, 0]]",0.103,0.06,0.04,403
75,8,"[[72,432],[508,1524],[73,438],[142,994],[560,1120],[529,1058],[135,675],[189,1323]]",6,"[[10.8, 136], [13.0, 132], [15.6, 286], [18.7, 193], [22.4, 350], [26.9, 435]]","[84, 21, 54, 76, 41]","[[0, 1000, 200, 1000, 200, 1000, 0, 0], [1000, 0, 200, 100, 1000, 500, 0, 1000], [200, 200, 0, 0, 0, 500, 50, 0], [1000, 100, 0, 0, 500, 0, 500, 200], [200, 1000, 0, 500, 0, 100, 50, 200], [1000, 500, 500, 0, 100, 0, 500, 1000], [0, 0, 50, 500, 50, 500, 0, 200], [0, 1000, 0, 200, 200, 1000, 200, 0]]",0.573,0.06,0.01,222
76,8,"[[459,918],[406,1218],[89,356],[54,324],[338,1014],[164,1148],[255,765],[78,234]]",6,"[[13.7, 223], [16.5, 195], [19.7, 252], [23.7, 290], [28.4, 424], [34.1, 432]]","[22, 41, 98, 48, 20]","[[0, 1000, 100, 50, 500, 50, 1000, 500], [1000, 0, 0, 1000, 500, 200, 0, 500], [100, 0, 0, 500, 500, 500, 500, 500], [50, 1000, 500, 0, 1000, 0, 1000, 500], [500, 500, 500, 1000, 0, 1000, 100, 0], [50, 200, 500, 0, 1000, 0, 500, 0], [1000, 0, 500, 1000, 100, 500, 0, 100], [500, 500, 500, 500, 0, 0, 100, 0]]",0.534,0.12,0.05,295
77,8,"[[91,364],[233,1631],[521,1042],[99,396],[422,1266],[59,354],[108,540],[162,1134]]",6,"[[14.3, 270], [17.1, 194], [20.5, 304], [24.6, 370], [29.6, 315], [35.5, 599]]","[53, 80, 40, 39, 64]","[[0, 0, 1000, 0, 50, 50, 50, 500], [0, 0, 50, 0, 100, 200, 500, 500], [1000, 50, 0, 0, 100, 1000, 50, 0], [0, 0, 0, 0, 200, 100, 500, 500], [50, 100, 100, 200, 0, 100, 0, 1000], [50, 200, 1000, 100, 100, 0, 500, 0], [50, 500, 50, 500, 0, 500, 0, 500], [500, 500, 0, 500, 1000, 0, 500, 0]]",0.275,0.07,0.04,345
78,15,"[[525,1575],[426,1278],[101,505],[116,696],[143,715],[60,360],[192,1344],[352,704],[91,364],[374,1122],[531,1062],[94,564],[54,270],[582,1746],[311,622]]",6,"[[5.0, 77], [6.0, 63], [7.2, 128], [8.7, 157], [10.4, 183], [12.5, 194]]","[26, 85, 38, 72, 79]","[[0, 0, 50, 200, 500, 500, 100, 500, 1000, 0, 50, 0, 100, 1000, 500], [0, 0, 100, 500, 0, 50, 1000, 100, 0, 200, 1000, 100, 0, 50, 1000], [50, 100, 0, 200, 100, 0, 50, 500, 0, 500, 0, 0, 0, 50, 0], [200, 500, 200, 0, 50, 0, 0, 0, 100, 200, 200, 0, 100, 1000, 500], [500, 0, 100, 50, 0, 50, 200, 100, 1000, 0, 50, 0, 50, 500, 100], [500, 50, 0, 0, 50, 0, 200, 200, 1000, 500, 50, 100, 50, 0, 0], [100, 1000, 50, 0, 200, 200, 0, 50, 0, 0, 0, 100, 100, 500, 0], [500, 100, 500, 0, 100, 200, 50, 0, 100, 100, 1000, 0, 500, 0, 0], [1000, 0, 0, 100, 1000, 1000, 0, 100, 0, 1000, 200, 200, 200, 200, 100], [0, 200, 500, 200, 0, 500, 0, 100, 1000, 0, 0, 50, 200, 1000, 200], [50, 1000, 0, 200, 50, 50, 0, 1000, 200, 0, 0, 100, 200, 0, 0], [0, 100, 0, 0, 0, 100, 100, 0, 200, 50, 100, 0, 500, 0, 0], [100, 0, 0, 100, 50, 50, 100, 500, 200, 200, 200, 500, 0, 0, 200], [1000, 50, 50, 1000, 500, 0, 500, 0, 200, 1000, 0, 0, 0, 0, 0], [500, 1000, 0, 500, 100, 0, 0, 0, 100, 200, 0, 0, 200, 0, 0]]",0.107,0.07,0.08,270
79,9,"[[210,1470],[76,380],[502,1004],[181,905],[73,438],[95,475],[85,425],[221,1547],[80,480]]",7,"[[8.3, 104], [9.9, 196], [11.9, 215], [14.3, 207], [17.2, 333], [20.6, 258], [24.8, 453]]","[87, 77, 23, 98, 77, 90]","[[0, 0, 0, 0, 1000, 0, 200, 0, 0], [0, 0, 0, 100, 500, 500, 0, 1000, 100], [0, 0, 0, 0, 0, 0, 500, 0, 0], [0, 100, 0, 0, 50, 1000, 100, 0, 1000], [1000, 500, 0, 50, 0, 100, 500, 200, 50], [0, 500, 0, 1000, 100, 0, 500, 0, 100], [200, 0, 500, 100, 500, 500, 0, 200, 0], [0, 1000, 0, 0, 200, 0, 200, 0, 1000], [0, 100, 0, 1000, 50, 100, 0, 1000, 0]]",0.251,0.14,0.08,240
80,15,"[[89,356],[187,1496],[76,228],[81,243],[578,1734],[200,1000],[498,1494],[381,1143],[169,1014],[415,830],[63,189],[180,900],[242,1936],[58,290],[73,365]]",5,"[[7.5, 81], [9.0, 162], [10.8, 215], [13.0, 136], [15.6, 256]]","[51, 77, 27, 71]","[[0, 100, 100, 0, 100, 500, 500, 0, 0, 100, 1000, 500, 0, 1000, 1000], [100, 0, 100, 100, 1000, 500, 1000, 0, 50, 0, 1000, 200, 0, 500, 500], [100, 100, 0, 1000, 100, 50, 100, 500, 0, 100, 1000, 500, 1000, 0, 500], [0, 100, 1000, 0, 100, 0, 1000, 50, 500, 0, 50, 1000, 200, 1000, 500], [100, 1000, 100, 100, 0, 50, 0, 200, 1000, 200, 100, 50, 0, 1000, 0], [500, 500, 50, 0, 50, 0, 0, 100, 100, 200, 200, 1000, 1000, 0, 1000], [500, 1000, 100, 1000, 0, 0, 0, 0, 1000, 0, 0, 500, 0, 100, 200], [0, 0, 500, 50, 200, 100, 0, 0, 0, 500, 0, 0, 100, 100, 0], [0, 50, 0, 500, 1000, 100, 1000, 0, 0, 500, 0, 0, 200, 0, 100], [100, 0, 100, 0, 200, 200, 0, 500, 500, 0, 1000, 500, 1000, 1000, 0], [1000, 1000, 1000, 50, 100, 200, 0, 0, 0, 1000, 0, 100, 0, 500, 1000], [500, 200, 500, 1000, 50, 1000, 500, 0, 0, 500, 100, 0, 0, 0, 50], [0, 0, 1000, 200, 0, 1000, 0, 100, 200, 1000, 0, 0, 0, 1000, 100], [1000, 500, 0, 1000, 1000, 0, 100, 100, 0, 1000, 500, 0, 1000, 0, 0], [1000, 500, 500, 500, 0, 1000, 200, 0, 100, 0, 1000, 50, 100, 0, 0]]",0.162,0.09,0.05,363
81,6,"[[349,1047],[100,500],[132,660],[123,861],[95,475],[57,342]]",5,"[[6.4, 89], [7.7, 107], [9.2, 166], [11.1, 194], [13.3, 236]]","[41, 99, 54, 66]","[[0, 100, 50, 1000, 50, 200], [100, 0, 200, 200, 500, 500], [50, 200, 0, 100, 50, 100], [1000, 200, 100, 0, 50, 0], [50, 500, 50, 50, 0, 0], [200, 500, 100, 0, 0, 0]]",0.27,0.05,0.07,462
82,7,"[[66,264],[189,945],[371,742],[569,1707],[56,168],[263,526],[229,1603]]",5,"[[14.2, 176], [17.1, 341], [20.5, 364], [24.6, 393], [29.5, 370]]","[53, 32, 100, 64]","[[0, 100, 0, 1000, 1000, 1000, 200], [100, 0, 500, 500, 50, 500, 100], [0, 500, 0, 100, 50, 100, 50], [1000, 500, 100, 0, 100, 500, 100], [1000, 50, 50, 100, 0, 500, 100], [1000, 500, 100, 500, 500, 0, 100], [200, 100, 50, 100, 100, 100, 0]]",0.113,0.09,0.04,394
83,7,"[[71,426],[89,356],[510,1020],[98,588],[216,1728],[228,1596],[88,440]]",6,"[[14.0, 270], [16.8, 183], [20.2, 392], [24.2, 299], [29.0, 550], [34.9, 504]]","[37, 76, 98, 36, 77]","[[0, 1000, 500, 0, 0, 50, 200], [1000, 0, 50, 0, 200, 0, 0], [500, 50, 0, 500, 100, 50, 200], [0, 0, 500, 0, 1000, 0, 100], [0, 200, 100, 1000, 0, 200, 0], [50, 0, 50, 0, 200, 0, 500], [200, 0, 200, 100, 0, 500, 0]]",0.581,0.09,0.03,472
84,6,"[[55,275],[91,364],[75,300],[319,957],[72,288],[551,1653]]",4,"[[8.1, 107], [9.7, 129], [11.7, 175], [14.0, 181]]","[84, 99, 52]","[[0, 200, 0, 0, 500, 100], [200, 0, 100, 0, 100, 50], [0, 100, 0, 0, 500, 100], [0, 0, 0, 0, 500, 200], [500, 100, 500, 500, 0, 0], [100, 50, 100, 200, 0, 0]]",0.194,0.08,0.04,422
85,13,"[[538,1614],[93,558],[316,632],[273,819],[333,666],[192,1344],[208,1248],[66,264],[223,1784],[537,1074],[247,1976],[76,228],[109,763]]",5,"[[12.2, 163], [14.6, 291], [17.5, 240], [21.0, 241], [25.2, 288]]","[36, 89, 65, 38]","[[0, 0, 200, 50, 500, 100, 50, 0, 0, 100, 200, 100, 0], [0, 0, 200, 50, 50, 500, 500, 100, 50, 0, 0, 0, 0], [200, 200, 0, 1000, 0, 0, 100, 200, 100, 100, 50, 1000, 0], [50, 50, 1000, 0, 500, 100, 500, 1000, 500, 200, 100, 200, 0], [500, 50, 0, 500, 0, 50, 500, 0, 0, 500, 1000, 0, 200], [100, 500, 0, 100, 50, 0, 1000, 0, 0, 500, 1000, 200, 100], [50, 500, 100, 500, 500, 1000, 0, 50, 1000, 500, 100, 50, 1000], [0, 100, 200, 1000, 0, 0, 50, 0, 500, 100, 200, 50, 50], [0, 50, 100, 500, 0, 0, 1000, 500, 0, 100, 100, 1000, 200], [100, 0, 100, 200, 500, 500, 500, 100, 100, 0, 100, 1000, 1000], [200, 0, 50, 100, 1000, 1000, 100, 200, 100, 100, 0, 1000, 0], [100, 0, 1000, 200, 0, 200, 50, 50, 1000, 1000, 1000, 0, 200], [0, 0, 0, 0, 200, 100, 1000, 50, 200, 1000, 0, 200, 0]]",0.242,0.13,0.02,434
86,8,"[[81,405],[54,216],[87,348],[188,1504],[132,792],[251,753],[457,1371],[59,354]]",7,"[[13.5, 157], [16.2, 212], [19.4, 338], [23.3, 314], [27.9, 551], [33.5, 467], [40.2, 423]]","[34, 32, 54, 43, 44, 26]","[[0, 1000, 100, 200, 0, 200, 500, 1000], [1000, 0, 200, 1000, 50, 50, 50, 0], [100, 200, 0, 500, 0, 200, 200, 50], [200, 1000, 500, 0, 200, 1000, 100, 1000], [0, 50, 0, 200, 0, 200, 100, 0], [200, 50, 200, 1000, 200, 0, 1000, 100], [500, 50, 200, 100, 100, 1000, 0, 50], [1000, 0, 50, 1000, 0, 100, 50, 0]]",0.472,0.12,0.03,498
87,6,"[[52,208],[78,312],[517,1034],[572,1716],[156,1248],[515,1030]]",5,"[[6.5, 104], [7.8, 116], [9.4, 153], [11.3, 215], [13.5, 240]]","[98, 46, 97, 97]","[[0, 100, 0, 1000, 1000, 50], [100, 0, 100, 0, 200, 0], [0, 100, 0, 1000, 0, 100], [1000, 0, 1000, 0, 200, 1000], [1000, 200, 0, 200, 0, 0], [50, 0, 100, 1000, 0, 0]]",0.155,0.15,0.04,395
88,10,"[[62,310],[448,1344],[225,1350],[211,1688],[159,1113],[96,576],[128,768],[452,1356],[84,420],[93,558]]",7,"[[10.7, 155], [12.8, 242], [15.4, 286], [18.5, 321], [22.2, 339], [26.6, 272], [31.9, 478]]","[98, 80, 24, 96, 59, 74]","[[0, 100, 1000, 100, 0, 500, 50, 50, 200, 1000], [100, 0, 0, 0, 50, 50, 100, 100, 50, 0], [1000, 0, 0, 500, 0, 1000, 50, 50, 0, 500], [100, 0, 500, 0, 1000, 0, 1000, 200, 0, 200], [0, 50, 0, 1000, 0, 1000, 200, 0, 100, 500], [500, 50, 1000, 0, 1000, 0, 100, 1000, 200, 0], [50, 100, 50, 1000, 200, 100, 0, 50, 1000, 200], [50, 100, 50, 200, 0, 1000, 50, 0, 0, 50], [200, 50, 0, 0, 100, 200, 1000, 0, 0, 50], [1000, 0, 500, 200, 500, 0, 200, 50, 50, 0]]",0.272,0.06,0.05,263
89,8,"[[237,1185],[131,655],[138,828],[242,1694],[61,183],[64,384],[52,208],[79,316]]",7,"[[10.5, 120], [12.7, 225], [15.2, 246], [18.2, 206], [21.9, 231], [26.2, 278], [31.5, 617]]","[27, 67, 45, 35, 75, 74]","[[0, 0, 100, 100, 100, 0, 200, 0], [0, 0, 100, 0, 200, 0, 1000, 100], [100, 100, 0, 200, 0, 100, 0, 0], [100, 0, 200, 0, 50, 50, 0, 100], [100, 200, 0, 50, 0, 0, 50, 1000], [0, 0, 100, 50, 0, 0, 500, 0], [200, 1000, 0, 0, 50, 500, 0, 0], [0, 100, 0, 100, 1000, 0, 0, 0]]",0.326,0.09,0.08,365
90,9,"[[551,1102],[496,992],[171,1026],[587,1174],[111,888],[144,1008],[134,670],[149,1043],[82,328]]",6,"[[8.3, 88], [10.0, 149], [12.0, 129], [14.4, 171], [17.3, 233], [20.7, 268]]","[100, 43, 71, 71, 29]","[[0, 0, 50, 200, 200, 0, 200, 100, 0], [0, 0, 100, 100, 50, 1000, 0, 500, 50], [50, 100, 0, 100, 100, 200, 200, 200, 500], [200, 100, 100, 0, 1000, 50, 200, 0, 500], [200, 50, 100, 1000, 0, 100, 0, 500, 200], [0, 1000, 200, 50, 100, 0, 100, 0, 200], [200, 0, 200, 200, 0, 100, 0, 200, 200], [100, 500, 200, 0, 500, 0, 200, 0, 1000], [0, 50, 500, 500, 200, 200, 200, 1000, 0]]",0.505,0.09,0.04,381
91,9,"[[194,970],[56,224],[219,1314],[326,652],[117,702],[157,942],[438,876],[209,1463],[62,310]]",7,"[[8.8, 142], [10.6, 146], [12.7, 161], [15.2, 272], [18.3, 185], [21.9, 315], [26.3, 480]]","[97, 64, 61, 65, 25, 87]","[[0, 1000, 0, 1000, 500, 1000, 500, 0, 0], [1000, 0, 100, 100, 100, 500, 200, 0, 0], [0, 100, 0, 50, 500, 1000, 0, 100, 0], [1000, 100, 50, 0, 50, 0, 200, 0, 500], [500, 100, 500, 50, 0, 0, 0, 0, 100], [1000, 500, 1000, 0, 0, 0, 200, 100, 50], [500, 200, 0, 200, 0, 200, 0, 0, 0], [0, 0, 100, 0, 0, 100, 0, 0, 0], [0, 0, 0, 500, 100, 50, 0, 0, 0]]",0.581,0.09,0.07,446
92,7,"[[287,861],[544,1632],[246,1968],[186,1488],[295,590],[532,1064],[50,300]]",4,"[[9.9, 143], [11.9, 144], [14.3, 150], [17.1, 325]]","[68, 59, 72]","[[0, 500, 100, 200, 50, 0, 0], [500, 0, 100, 100, 50, 1000, 500], [100, 100, 0, 500, 200, 100, 0], [200, 100, 500, 0, 100, 1000, 200], [50, 50, 200, 100, 0, 100, 200], [0, 1000, 100, 1000, 100, 0, 0], [0, 500, 0, 200, 200, 0, 0]]",0.381,0.11,0.08,421
93,14,"[[448,896],[540,1080],[62,248],[141,846],[515,1545],[104,832],[69,276],[367,1101],[92,460],[60,300],[519,1557],[97,582],[59,295],[90,450]]",6,"[[14.9, 164], [17.8, 252], [21.4, 368], [25.7, 509], [30.8, 363], [37.0, 603]]","[70, 65, 42, 48, 48]","[[0, 100, 0, 500, 1000, 500, 1000, 100, 0, 0, 0, 50, 50, 0], [100, 0, 1000, 100, 50, 500, 1000, 50, 0, 500, 200, 100, 0, 0], [0, 1000, 0, 200, 0, 200, 0, 50, 200, 1000, 0, 200, 0, 50], [500, 100, 200, 0, 500, 50, 500, 50, 500, 0, 0, 100, 200, 100], [1000, 50, 0, 500, 0, 200, 500, 1000, 0, 0, 200, 0, 200, 0], [500, 500, 200, 50, 200, 0, 500, 0, 100, 50, 100, 100, 200, 200], [1000, 1000, 0, 500, 500, 500, 0, 1000, 0, 100, 0, 1000, 200, 500], [100, 50, 50, 50, 1000, 0, 1000, 0, 50, 0, 200, 1000, 50, 0], [0, 0, 200, 500, 0, 100, 0, 50, 0, 200, 200, 500, 0, 100], [0, 500, 1000, 0, 0, 50, 100, 0, 200, 0, 500, 0, 100, 200], [0, 200, 0, 0, 200, 100, 0, 200, 200, 500, 0, 200, 0, 100], [50, 100, 200, 100, 0, 100, 1000, 1000, 500, 0, 200, 0, 0, 0], [50, 0, 0, 200, 200, 200, 200, 50, 0, 100, 0, 0, 0, 1000], [0, 0, 50, 100, 0, 200, 500, 0, 100, 200, 100, 0, 1000, 0]]",0.587,0.11,0.06,352
94,18,"[[100,700],[294,882],[95,475],[462,924],[79,395],[203,1421],[91,455],[186,1302],[110,660],[86,344],[235,1175],[362,1086],[303,909],[82,246],[91,273],[89,267],[79,316],[383,1149]]",7,"[[11.8, 140], [14.1, 266], [17.0, 181], [20.4, 210], [24.4, 436], [29.3, 429], [35.2, 604]]","[28, 30, 68, 72, 74, 84]","[[0, 200, 500, 500, 500, 1000, 0, 200, 200, 100, 0, 0, 100, 0, 1000, 0, 50, 0], [200, 0, 500, 100, 500, 0, 1000, 0, 100, 500, 200, 500, 200, 0, 1000, 0, 50, 0], [500, 500, 0, 0, 200, 50, 500, 500, 0, 1000, 500, 0, 100, 1000, 0, 50, 1000, 0], [500, 100, 0, 0, 1000, 50, 1000, 0, 1000, 1000, 0, 0, 500, 0, 500, 50, 500, 500], [500, 500, 200, 1000, 0, 0, 0, 50, 0, 50, 0, 100, 1000, 500, 100, 0, 100, 100], [1000, 0, 50, 50, 0, 0, 1000, 100, 500, 1000, 100, 0, 0, 0, 100, 0, 0, 0], [0, 1000, 500, 1000, 0, 1000, 0, 100, 0, 500, 50, 0, 100, 500, 50, 100, 50, 50], [200, 0, 500, 0, 50, 100, 100, 0, 50, 50, 0, 100, 1000, 200, 50, 0, 500, 50], [200, 100, 0, 1000, 0, 500, 0, 50, 0, 200, 0, 100, 50, 100, 500, 1000, 0, 200], [100, 500, 1000, 1000, 50, 1000, 500, 50, 200, 0, 0, 100, 0, 0, 500, 50, 50, 50], [0, 200, 500, 0, 0, 100, 50, 0, 0, 0, 0, 100, 200, 50, 0, 1000, 50, 200], [0, 500, 0, 0, 100, 0, 0, 100, 100, 100, 100, 0, 1000, 500, 50, 50, 100, 100], [100, 200, 100, 500, 1000, 0, 100, 1000, 50, 0, 200, 1000, 0, 50, 0, 0, 200, 200], [0, 0, 1000, 0, 500, 0, 500, 200, 100, 0, 50, 500, 50, 0, 50, 0, 0, 500], [1000, 1000, 0, 500, 100, 100, 50, 50, 500, 500, 0, 50, 0, 50, 0, 0, 100, 1000], [0, 0, 50, 50, 0, 0, 100, 0, 1000, 50, 1000, 50, 0, 0, 0, 0, 50, 0], [50, 50, 1000, 500, 100, 0, 50, 500, 0, 50, 50, 100, 200, 0, 100, 50, 0, 0], [0, 0, 0, 500, 100, 0, 50, 50, 200, 50, 200, 100, 200, 500, 1000, 0, 0, 0]]",0.239,0.07,0.07,214
95,7,"[[138,828],[596,1788],[386,772],[58,232],[280,840],[92,368],[72,360]]",4,"[[9.2, 139], [11.0, 187], [13.2, 180], [15.9, 219]]","[55, 86, 32]","[[0, 500, 1000, 1000, 200, 200, 1000], [500, 0, 200, 500, 1000, 200, 0], [1000, 200, 0, 50, 200, 0, 200], [1000, 500, 50, 0, 0, 50, 100], [200, 1000, 200, 0, 0, 100, 50], [200, 200, 0, 50, 100, 0, 0], [1000, 0, 200, 100, 50, 0, 0]]",0.271,0.12,0.03,406
96,8,"[[325,975],[69,414],[75,450],[326,652],[87,522],[521,1042],[73,438],[90,450]]",7,"[[6.3, 117], [7.6, 119], [9.1, 103], [10.9, 203], [13.1, 194], [15.8, 180], [18.9, 324]]","[88, 88, 45, 49, 37, 66]","[[0, 1000, 500, 0, 100, 100, 0, 100], [1000, 0, 50, 0, 100, 100, 50, 50], [500, 50, 0, 100, 100, 50, 500, 50], [0, 0, 100, 0, 0, 50, 100, 0], [100, 100, 100, 0, 0, 50, 50, 0], [100, 100, 50, 50, 50, 0, 0, 0], [0, 50, 500, 100, 50, 0, 0, 100], [100, 50, 50, 0, 0, 0, 100, 0]]",0.456,0.1,0.07,286
97,5,"[[100,600],[258,516],[199,1393],[82,410],[199,1592]]",4,"[[6.5, 85], [7.8, 90], [9.4, 176], [11.2, 188]]","[23, 64, 44]","[[0, 0, 0, 1000, 0], [0, 0, 0, 0, 0], [0, 0, 0, 500, 100], [1000, 0, 500, 0, 100], [0, 0, 100, 100, 0]]",0.215,0.13,0.07,214
98,10,"[[226,1356],[325,975],[424,1272],[212,1060],[75,375],[411,822],[159,1272],[87,348],[393,1179],[98,588]]",4,"[[7.6, 93], [9.1, 133], [10.9, 117], [13.1, 164]]","[97, 86, 21]","[[0, 1000, 0, 100, 0, 200, 0, 1000, 100, 50], [1000, 0, 50, 0, 50, 1000, 0, 0, 50, 50], [0, 50, 0, 0, 0, 0, 500, 1000, 50, 100], [100, 0, 0, 0, 100, 0, 100, 50, 100, 100], [0, 50, 0, 100, 0, 1000, 0, 100, 500, 500], [200, 1000, 0, 0, 1000, 0, 100, 100, 200, 50], [0, 0, 500, 100, 0, 100, 0, 50, 50, 50], [1000, 0, 1000, 50, 100, 100, 50, 0, 50, 0], [100, 50, 50, 100, 500, 200, 50, 50, 0, 200], [50, 50, 100, 100, 500, 50, 50, 0, 200, 0]]",0.4,0.13,0.07,394
99,11,"[[79,316],[90,360],[87,435],[263,789],[541,1082],[73,219],[373,1119],[98,490],[78,468],[289,867],[243,1215]]",4,"[[5.1, 91], [6.2, 107], [7.4, 80], [8.9, 157]]","[34, 53, 85]","[[0, 200, 200, 1000, 100, 500, 200, 200, 500, 1000, 0], [200, 0, 0, 100, 0, 500, 0, 0, 1000, 500, 200], [200, 0, 0, 500, 50, 100, 1000, 100, 500, 1000, 200], [1000, 100, 500, 0, 200, 50, 500, 0, 0, 50, 1000], [100, 0, 50, 200, 0, 1000, 0, 0, 200, 0, 200], [500, 500, 100, 50, 1000, 0, 50, 50, 500, 0, 100], [200, 0, 1000, 500, 0, 50, 0, 200, 1000, 0, 1000], [200, 0, 100, 0, 0, 50, 200, 0, 200, 50, 50], [500, 1000, 500, 0, 200, 500, 1000, 200, 0, 0, 100], [1000, 500, 1000, 50, 0, 0, 0, 50, 0, 0, 1000], [0, 200, 200, 1000, 200, 100, 1000, 50, 100, 1000, 0]]",0.411,0.12,0.01,212
100,8,"[[71,284],[81,324],[204,1224],[394,1182],[50,300],[137,959],[50,300],[442,884]]",5,"[[14.7, 285], [17.7, 205], [21.2, 344], [25.5, 445], [30.6, 515]]","[63, 50, 63, 92]","[[0, 0, 500, 1000, 500, 1000, 100, 100], [0, 0, 200, 50, 200, 0, 500, 500], [500, 200, 0, 0, 0, 200, 500, 500], [1000, 50, 0, 0, 100, 1000, 0, 50], [500, 200, 0, 100, 0, 500, 0, 1000], [1000, 0, 200, 1000, 500, 0, 500, 1000], [100, 500, 500, 0, 0, 500, 0, 200], [100, 500, 500, 50, 1000, 1000, 200, 0]]",0.136,0.08,0.02,278
