profit_per_user,multi_func_profit_cost,multi_func_worst_profit_cost,multi_func_min_cost_cost,multi_func_max_users_cost,single_func_cost,random_deploy_cost,multi_func_profit_profit,multi_func_worst_profit_profit,multi_func_min_cost_profit,multi_func_max_users_profit,single_func_profit,random_deploy_profit,multi_func_profit_users,multi_func_worst_profit_users,multi_func_min_cost_users,multi_func_max_users_users,single_func_users,random_deploy_users
200.02,36520.0,123659.26,36520.0,121819.11,90130.6,38484.07,-36319.98,-123059.2,-36319.98,-121219.05,-89730.56,-38284.05,1.0,3.0,1.0,3.0,2.0,1.0
204.32,148235.27,154515.78,148235.27,153712.13,154515.78,154515.78,-148030.95,-154311.46,-148030.95,-153507.81,-154311.46,-154311.46,1.0,1.0,1.0,1.0,1.0,1.0
204.76,9968.0,26838.53,9968.0,25694.51,26838.53,13056.86,-9763.24,-26429.01,-9763.24,-25284.99,-26429.01,-12852.1,1.0,2.0,1.0,2.0,2.0,1.0
206.49,52276.0,176832.19,52276.0,171870.26,176832.19,176832.19,-52069.51,-176212.72,-52069.51,-171250.79,-176212.72,-176212.72,1.0,3.0,1.0,3.0,3.0,3.0
209.68,1782.6,7432.48,1782.6,7432.48,3445.99,2039.3,-1572.92,-6384.08,-1572.92,-6384.08,-3236.31,-1829.62,1.0,5.0,1.0,5.0,1.0,1.0
212.69,59654.0,183931.01,59654.0,180880.67,62384.6,182157.84,-59441.31,-183292.94,-59441.31,-180242.6,-62171.91,-181519.77,1.0,3.0,1.0,3.0,1.0,3.0
213.85,81354.0,158438.5,81354.0,158438.5,142594.65,142594.65,-80070.9,-156300.0,-80070.9,-156300.0,-140670.0,-140670.0,6.0,10.0,6.0,10.0,9.0,9.0
224.23,15447.67,55176.94,15447.67,55176.94,27139.92,34019.09,-14774.98,-52037.72,-14774.98,-52037.72,-26467.23,-32897.94,3.0,14.0,3.0,14.0,3.0,5.0
228.23,34468.0,81741.51,34468.0,79626.63,81741.51,75907.06,-34239.77,-81285.05,-34239.77,-79170.17,-81285.05,-75450.6,1.0,2.0,1.0,2.0,2.0,2.0
229.06,15580.42,30253.25,15580.42,30072.0,18660.12,21770.14,-14206.06,-26817.35,-14206.06,-25490.8,-17285.76,-20166.72,6.0,15.0,6.0,20.0,6.0,7.0
231.75,3967.6,12022.64,3967.6,7935.2,8006.99,6067.36,-3504.1,-11095.64,-3504.1,-7008.2,-7775.24,-5835.61,2.0,4.0,2.0,4.0,1.0,1.0
232.73,13551.2,73060.81,13551.2,73060.81,58448.65,58448.65,-13318.47,-71897.16,-13318.47,-71897.16,-57517.73,-57517.73,1.0,5.0,1.0,5.0,4.0,4.0
241.84,17917.48,17917.48,17917.48,17917.48,17917.48,17917.48,-17675.64,-17675.64,-17675.64,-17675.64,-17675.64,-17675.64,1.0,1.0,1.0,1.0,1.0,1.0
242.55,45248.0,96761.81,45248.0,93556.32,96761.81,96182.45,-45005.45,-96276.71,-45005.45,-93071.22,-96276.71,-95697.35,1.0,2.0,1.0,2.0,2.0,2.0
242.64,8566.21,28669.47,8566.21,28669.47,11792.31,15594.83,-7838.29,-25515.15,-7838.29,-25515.15,-11064.39,-14381.63,3.0,13.0,3.0,13.0,3.0,5.0
243.49,71927.31,78822.92,71927.31,78822.92,78822.92,78822.92,-71683.82,-78579.43,-71683.82,-78579.43,-78579.43,-78579.43,1.0,1.0,1.0,1.0,1.0,1.0
247.81,3211.6,8908.38,3211.6,4817.4,5938.92,5938.92,-2715.98,-8164.95,-2715.98,-4073.97,-5443.3,-5443.3,2.0,3.0,2.0,3.0,2.0,2.0
249.06,7626.66,68759.6,7626.66,68759.6,9800.67,9800.67,-7377.6,-65272.76,-7377.6,-65272.76,-9551.61,-9551.61,1.0,14.0,1.0,14.0,1.0,1.0
252.83,5228.6,40618.94,5228.6,40618.94,24661.89,32882.52,-4975.77,-39101.96,-4975.77,-39101.96,-23903.4,-31871.2,1.0,6.0,1.0,6.0,3.0,4.0
255.91,22295.0,44663.16,22295.0,43331.93,34147.6,31591.63,-20503.63,-42104.06,-20503.63,-40261.01,-32612.14,-30056.17,7.0,10.0,7.0,12.0,6.0,6.0
256.07,184407.36,186274.61,184407.36,186274.61,186274.61,186274.61,-184151.29,-186018.54,-184151.29,-186018.54,-186018.54,-186018.54,1.0,1.0,1.0,1.0,1.0,1.0
256.34,25036.0,27165.16,25036.0,25036.0,27165.16,27165.16,-24779.66,-26908.82,-24779.66,-24779.66,-26908.82,-26908.82,1.0,1.0,1.0,1.0,1.0,1.0
259.95,99044.0,340962.37,99044.0,340962.37,227308.25,227308.25,-98784.05,-340182.52,-98784.05,-340182.52,-226788.35,-226788.35,1.0,3.0,1.0,3.0,2.0,2.0
260.84,136380.0,205062.0,136380.0,205062.0,151533.34,177720.4,-134032.44,-201149.4,-134032.44,-201149.4,-148924.94,-174329.48,9.0,15.0,9.0,15.0,10.0,13.0
262.54,41556.02,120121.18,41556.02,120121.18,61319.84,43799.89,-40243.32,-115920.54,-40243.32,-115920.54,-59482.06,-42487.19,5.0,16.0,5.0,16.0,7.0,5.0
263.65,11816.0,30245.47,11816.0,28185.66,30245.47,30245.47,-11552.35,-29718.17,-11552.35,-27658.36,-29718.17,-29718.17,1.0,2.0,1.0,2.0,2.0,2.0
266.11,2459.25,17921.4,2459.25,17921.4,3783.28,2952.58,-2193.14,-13397.53,-2193.14,-13397.53,-3517.17,-2686.47,1.0,17.0,1.0,17.0,1.0,1.0
266.39,10234.0,33643.41,10234.0,33643.41,17337.77,16357.3,-9967.61,-32844.24,-9967.61,-32844.24,-17071.38,-16090.91,1.0,3.0,1.0,3.0,1.0,1.0
266.97,88220.0,277568.23,88220.0,277568.23,185045.49,277568.23,-87953.03,-276767.32,-87953.03,-276767.32,-184511.55,-276767.32,1.0,3.0,1.0,3.0,2.0,3.0
271.08,10914.8,84849.02,10914.8,83867.96,70707.52,52295.61,-10643.72,-83222.54,-10643.72,-82241.48,-69352.12,-51211.29,1.0,6.0,1.0,6.0,5.0,4.0
273.49,23870.0,125119.69,23870.0,122460.31,125119.69,93839.76,-23596.51,-124025.73,-23596.51,-121366.35,-124025.73,-93019.29,1.0,4.0,1.0,4.0,4.0,3.0
276.89,28014.0,143021.5,28014.0,143021.5,143021.5,143021.5,-27737.11,-141913.94,-27737.11,-141913.94,-141913.94,-141913.94,1.0,4.0,1.0,4.0,4.0,4.0
278.69,13106.6,30440.96,13106.6,28688.02,16813.71,16813.71,-12827.91,-29883.58,-12827.91,-28130.64,-16535.02,-16535.02,1.0,2.0,1.0,2.0,1.0,1.0
279.48,4313.4,15896.76,4313.4,14368.12,6804.93,6804.93,-4033.92,-15058.32,-4033.92,-13529.68,-6525.45,-6525.45,1.0,3.0,1.0,3.0,1.0,1.0
279.72,7154.34,59178.6,7154.34,59178.6,8100.49,8100.49,-6874.62,-56661.12,-6874.62,-56661.12,-7820.77,-7820.77,1.0,9.0,1.0,9.0,1.0,1.0
280.22,116964.94,125165.22,116964.94,125165.22,125165.22,125165.22,-116684.72,-124885.0,-116684.72,-124885.0,-124885.0,-124885.0,1.0,1.0,1.0,1.0,1.0,1.0
281.53,188329.28,191162.84,188329.28,189063.91,191162.84,188329.28,-188047.75,-190881.31,-188047.75,-188782.38,-190881.31,-188047.75,1.0,1.0,1.0,1.0,1.0,1.0
282.94,99100.56,213717.83,99100.56,206385.4,126569.21,102522.36,-97119.98,-209473.73,-97119.98,-202141.3,-124305.69,-100541.78,7.0,15.0,7.0,15.0,8.0,7.0
287.26,6664.0,15054.96,6664.0,15054.96,10091.42,10091.42,-6089.48,-13905.92,-6089.48,-13905.92,-9516.9,-9516.9,2.0,4.0,2.0,4.0,2.0,2.0
296.75,28532.0,136088.63,28532.0,136088.63,102066.48,64669.4,-28235.25,-134901.63,-28235.25,-134901.63,-101176.23,-64075.9,1.0,4.0,1.0,4.0,3.0,2.0
304.13,19514.0,22030.29,19514.0,22030.29,22030.29,22030.29,-19209.87,-21726.16,-19209.87,-21726.16,-21726.16,-21726.16,1.0,1.0,1.0,1.0,1.0,1.0
311.16,15573.6,53956.59,15573.6,48273.13,47961.41,41966.24,-14328.96,-51156.15,-14328.96,-45472.69,-45472.13,-39788.12,4.0,9.0,4.0,9.0,8.0,7.0
311.43,6102.65,17880.81,6102.65,17590.09,6676.01,6676.01,-5791.22,-16946.52,-5791.22,-16655.8,-6364.58,-6364.58,1.0,3.0,1.0,3.0,1.0,1.0
311.99,9851.23,135993.0,9851.23,135993.0,10198.32,117860.6,-9539.24,-131313.15,-9539.24,-131313.15,-9886.33,-113804.73,1.0,15.0,1.0,15.0,1.0,13.0
313.6,8274.0,45172.23,8274.0,40997.74,45172.23,37643.52,-7646.8,-43290.63,-7646.8,-38802.54,-43290.63,-36075.52,2.0,6.0,2.0,7.0,6.0,5.0
318.17,28077.46,89871.6,28077.46,89871.6,29063.58,29063.58,-27441.12,-87644.41,-27441.12,-87644.41,-28427.24,-28427.24,2.0,7.0,2.0,7.0,2.0,2.0
320.41,13544.57,105648.2,13544.57,105648.2,13875.35,13875.35,-12903.75,-100201.23,-12903.75,-100201.23,-13234.53,-13234.53,2.0,17.0,2.0,17.0,2.0,2.0
324.83,37229.4,104194.52,37229.4,99200.14,104194.52,89309.59,-36254.91,-101920.71,-36254.91,-96926.33,-101920.71,-87360.61,3.0,7.0,3.0,7.0,7.0,6.0
327.02,8814.0,18271.65,8814.0,15349.76,18271.65,11600.14,-8159.96,-17290.59,-8159.96,-14368.7,-17290.59,-10946.1,2.0,3.0,2.0,3.0,3.0,2.0
332.7,42476.0,150332.53,42476.0,141593.59,100221.69,96540.73,-42143.3,-149334.43,-42143.3,-140595.49,-99556.29,-95875.33,1.0,3.0,1.0,3.0,2.0,2.0
333.15,8678.24,22550.82,8678.24,22550.82,10719.45,9991.11,-8345.09,-21551.37,-8345.09,-21551.37,-10386.3,-9657.96,1.0,3.0,1.0,3.0,1.0,1.0
334.44,3622.46,12496.33,3622.46,9240.0,6079.93,4232.83,-2953.58,-9820.81,-2953.58,-6564.48,-5411.05,-3563.95,2.0,8.0,2.0,8.0,2.0,2.0
346.02,121806.37,124815.03,121806.37,124815.03,124815.03,124815.03,-121460.35,-124469.01,-121460.35,-124469.01,-124469.01,-124469.01,1.0,1.0,1.0,1.0,1.0,1.0
347.7,13331.81,48222.51,13331.81,48222.51,14165.84,44886.4,-12984.11,-46831.71,-12984.11,-46831.71,-13818.14,-43495.6,1.0,4.0,1.0,4.0,1.0,4.0
348.22,7886.64,63238.0,7886.64,63238.0,11364.62,11031.12,-7538.42,-59755.8,-7538.42,-59755.8,-11016.4,-10682.9,1.0,10.0,1.0,10.0,1.0,1.0
351.94,22487.3,39454.8,22487.3,39454.8,22487.3,22487.3,-20727.6,-34527.64,-20727.6,-34527.64,-20727.6,-20727.6,5.0,14.0,5.0,14.0,5.0,5.0
352.67,8013.23,30201.6,8013.23,30201.6,8249.25,15572.84,-7660.56,-28790.92,-7660.56,-28790.92,-7896.58,-14867.5,1.0,4.0,1.0,4.0,1.0,2.0
353.78,40436.58,51344.39,40436.58,40436.58,51344.39,51344.39,-40082.8,-50990.61,-40082.8,-40082.8,-50990.61,-50990.61,1.0,1.0,1.0,1.0,1.0,1.0
353.87,29708.0,32499.39,29708.0,29708.0,32499.39,32499.39,-29354.13,-32145.52,-29354.13,-29354.13,-32145.52,-32145.52,1.0,1.0,1.0,1.0,1.0,1.0
355.49,27823.67,117730.28,27823.67,117730.28,31428.56,30564.28,-27112.69,-114530.87,-27112.69,-114530.87,-30717.58,-29853.3,2.0,9.0,2.0,9.0,2.0,2.0
358.89,4769.2,28701.32,4769.2,27300.0,6945.11,5495.0,-4410.31,-26189.09,-4410.31,-24787.77,-6586.22,-5136.11,1.0,7.0,1.0,7.0,1.0,1.0
359.43,23654.83,62748.0,23654.83,62748.0,26937.77,30786.02,-21138.82,-53043.39,-21138.82,-53043.39,-24421.76,-27910.58,7.0,27.0,7.0,27.0,7.0,8.0
360.57,26077.81,100959.45,26077.81,100959.45,44754.23,44754.23,-24996.1,-96272.04,-24996.1,-96272.04,-43311.95,-43311.95,3.0,13.0,3.0,13.0,4.0,4.0
365.63,22297.6,90531.58,22297.6,89876.7,90531.58,90531.58,-21566.34,-87972.17,-21566.34,-87317.29,-87972.17,-87972.17,2.0,7.0,2.0,7.0,7.0,7.0
366.92,16494.89,37817.79,16494.89,37817.79,22747.82,22747.82,-16127.97,-37083.95,-16127.97,-37083.95,-22380.9,-22380.9,1.0,2.0,1.0,2.0,1.0,1.0
368.68,21153.88,57115.87,21153.88,57115.87,40432.13,26017.37,-20416.52,-54903.79,-20416.52,-54903.79,-39326.09,-25280.01,2.0,6.0,2.0,6.0,3.0,2.0
372.0,116071.06,120026.62,116071.06,119418.87,120026.62,120026.62,-115699.06,-119654.62,-115699.06,-119046.87,-119654.62,-119654.62,1.0,1.0,1.0,1.0,1.0,1.0
380.96,114097.28,116197.46,114097.28,114097.28,116197.46,116197.46,-113716.32,-115816.5,-113716.32,-113716.32,-115816.5,-115816.5,1.0,1.0,1.0,1.0,1.0,1.0
382.81,97900.0,205009.91,97900.0,205009.91,102504.95,205009.91,-97517.19,-204244.29,-97517.19,-204244.29,-102122.14,-204244.29,1.0,2.0,1.0,2.0,1.0,2.0
384.82,5784.8,21444.8,5784.8,21444.8,12866.88,17155.84,-5015.16,-19520.7,-5015.16,-19520.7,-11712.42,-15616.56,2.0,5.0,2.0,5.0,3.0,4.0
387.52,218579.67,220589.8,218579.67,220589.8,220589.8,220589.8,-218192.15,-220202.28,-218192.15,-220202.28,-220202.28,-220202.28,1.0,1.0,1.0,1.0,1.0,1.0
387.86,7341.9,73117.54,7341.9,73117.54,8544.9,7831.06,-6566.18,-64196.76,-6566.18,-64196.76,-7769.18,-7055.34,2.0,23.0,2.0,23.0,2.0,2.0
388.65,86878.99,92601.55,86878.99,90962.95,92601.55,92107.94,-86490.34,-92212.9,-86490.34,-90574.3,-92212.9,-91719.29,1.0,1.0,1.0,1.0,1.0,1.0
391.96,42650.35,165494.91,42650.35,165494.91,65965.39,56574.78,-40690.55,-156087.87,-40690.55,-156087.87,-63613.63,-54223.02,5.0,24.0,5.0,24.0,6.0,6.0
392.66,4877.6,40138.44,4877.6,37773.29,26903.51,26903.51,-4484.94,-38567.8,-4484.94,-36202.65,-26118.19,-26118.19,1.0,4.0,1.0,4.0,2.0,2.0
393.7,37994.0,123532.18,37994.0,123532.18,82354.79,82354.79,-37600.3,-122351.08,-37600.3,-122351.08,-81567.39,-81567.39,1.0,3.0,1.0,3.0,2.0,2.0
395.25,6582.8,14098.46,6582.8,14098.46,12621.15,12621.15,-5792.3,-12517.46,-5792.3,-12517.46,-11435.4,-11435.4,2.0,4.0,2.0,4.0,3.0,3.0
399.89,42152.0,173300.85,42152.0,160956.41,115533.9,115533.9,-41752.11,-172101.18,-41752.11,-159756.74,-114734.12,-114734.12,1.0,3.0,1.0,3.0,2.0,2.0
403.89,3445.0,17215.3,3445.0,17215.3,17215.3,12911.47,-3041.11,-15599.74,-3041.11,-15599.74,-15599.74,-11699.8,1.0,4.0,1.0,4.0,4.0,3.0
407.12,3972.25,41846.0,3972.25,41846.0,6078.86,6078.86,-3565.13,-36146.32,-3565.13,-36146.32,-5671.74,-5671.74,1.0,14.0,1.0,14.0,1.0,1.0
409.39,1701.0,11855.45,1701.0,11855.45,9484.36,3824.85,-1291.61,-9808.5,-1291.61,-9808.5,-7846.8,-3006.07,1.0,5.0,1.0,5.0,4.0,2.0
410.01,18915.0,30313.01,18915.0,26481.0,30313.01,30313.01,-16864.95,-27852.95,-16864.95,-23610.93,-27852.95,-27852.95,5.0,6.0,5.0,7.0,6.0,6.0
411.1,14099.4,34379.68,14099.4,32481.05,27503.74,27503.74,-12866.1,-32324.18,-12866.1,-30014.45,-25859.34,-25859.34,3.0,5.0,3.0,6.0,4.0,4.0
414.42,85756.0,97260.64,85756.0,85756.0,97260.64,91422.01,-85341.58,-96846.22,-85341.58,-85341.58,-96846.22,-91007.59,1.0,1.0,1.0,1.0,1.0,1.0
414.86,2903.6,11539.56,2903.6,10884.37,11539.56,7825.09,-2073.88,-10709.84,-2073.88,-8810.07,-10709.84,-6995.37,2.0,2.0,2.0,5.0,2.0,2.0
428.77,218449.39,218449.39,218449.39,218449.39,218449.39,218449.39,-218020.62,-218020.62,-218020.62,-218020.62,-218020.62,-218020.62,1.0,1.0,1.0,1.0,1.0,1.0
441.45,139830.74,142761.03,139830.74,141739.31,142761.03,142761.03,-139389.29,-142319.58,-139389.29,-141297.86,-142319.58,-142319.58,1.0,1.0,1.0,1.0,1.0,1.0
445.54,43591.56,192154.56,43591.56,192154.56,52964.6,52964.6,-42254.94,-185025.92,-42254.94,-185025.92,-51627.98,-51627.98,3.0,16.0,3.0,16.0,3.0,3.0
460.44,58142.0,260037.36,58142.0,260037.36,195028.02,125620.16,-57681.56,-258195.6,-57681.56,-258195.6,-193646.7,-124699.28,1.0,4.0,1.0,4.0,3.0,2.0
460.63,53834.22,64187.54,53834.22,63219.69,64187.54,63219.69,-53373.59,-63726.91,-53373.59,-62759.06,-63726.91,-62759.06,1.0,1.0,1.0,1.0,1.0,1.0
462.8,18354.0,93108.78,18354.0,85550.85,54269.09,48201.67,-17891.2,-91257.58,-17891.2,-83699.65,-53343.49,-47276.07,1.0,4.0,1.0,4.0,2.0,2.0
463.2,14389.46,143600.6,14389.46,143600.6,14896.33,14896.33,-13926.26,-138505.4,-13926.26,-138505.4,-14433.13,-14433.13,1.0,11.0,1.0,11.0,1.0,1.0
475.67,26936.0,118402.04,26936.0,118402.04,118402.04,57217.53,-26460.33,-116499.36,-26460.33,-116499.36,-116499.36,-56266.19,1.0,4.0,1.0,4.0,4.0,2.0
477.11,22547.2,83222.41,22547.2,76914.49,50299.37,50299.37,-21592.98,-80359.75,-21592.98,-74051.83,-48868.04,-48868.04,2.0,6.0,2.0,6.0,3.0,3.0
481.91,52377.93,56818.07,52377.93,53417.44,56818.07,54572.37,-51896.02,-56336.16,-51896.02,-52935.53,-56336.16,-54090.46,1.0,1.0,1.0,1.0,1.0,1.0
489.74,24836.0,92139.14,24836.0,72536.11,83762.85,66491.43,-22387.3,-86752.0,-22387.3,-66659.23,-78865.45,-61104.29,5.0,11.0,5.0,12.0,10.0,11.0
498.33,87780.04,90394.97,87780.04,87780.04,90394.97,87780.04,-87281.71,-89896.64,-87281.71,-87281.71,-89896.64,-87281.71,1.0,1.0,1.0,1.0,1.0,1.0
501.01,4187.7,11488.61,4187.7,10830.4,6663.43,6663.43,-3686.69,-9985.58,-3686.69,-6822.32,-6162.42,-6162.42,1.0,3.0,1.0,8.0,1.0,1.0
505.35,7332.0,45544.93,7332.0,41950.44,45544.93,20682.63,-6826.65,-43523.53,-6826.65,-39929.04,-43523.53,-19671.93,1.0,4.0,1.0,4.0,4.0,2.0
507.76,44551.0,122098.4,44551.0,122098.4,50398.83,58550.91,-42012.2,-115497.52,-42012.2,-115497.52,-47860.03,-55504.35,5.0,13.0,5.0,13.0,5.0,6.0
508.23,8482.27,32981.35,8482.27,32981.35,15164.15,15164.15,-7974.04,-30440.2,-7974.04,-30440.2,-14655.92,-14655.92,1.0,5.0,1.0,5.0,1.0,1.0
510.76,32667.81,35412.85,32667.81,34329.04,35412.85,34329.04,-32157.05,-34902.09,-32157.05,-33818.28,-34902.09,-33818.28,1.0,1.0,1.0,1.0,1.0,1.0
514.01,81276.11,120716.4,81276.11,120716.4,100032.14,93780.13,-74593.98,-109922.19,-74593.98,-109922.19,-91807.98,-86069.98,13.0,21.0,13.0,21.0,16.0,15.0
517.21,44660.0,46100.07,44660.0,44660.0,46100.07,44660.0,-44142.79,-45582.86,-44142.79,-44142.79,-45582.86,-44142.79,1.0,1.0,1.0,1.0,1.0,1.0
518.86,78254.0,168578.34,78254.0,164831.05,91084.1,91084.1,-77735.14,-167540.62,-77735.14,-163793.33,-90565.24,-90565.24,1.0,2.0,1.0,2.0,1.0,1.0
519.7,6368.35,32643.0,6368.35,32643.0,7456.45,7456.45,-5848.65,-27965.7,-5848.65,-27965.7,-6936.75,-6936.75,1.0,9.0,1.0,9.0,1.0,1.0
523.34,117348.0,244770.15,117348.0,244770.15,127875.19,183577.61,-116301.32,-242676.79,-116301.32,-242676.79,-126828.51,-182007.59,2.0,4.0,2.0,4.0,2.0,3.0
525.54,63510.39,67705.88,63510.39,65697.5,67705.88,65697.5,-62984.85,-67180.34,-62984.85,-65171.96,-67180.34,-65171.96,1.0,1.0,1.0,1.0,1.0,1.0
525.56,82038.0,175468.0,82038.0,173441.85,175468.0,85017.72,-81512.44,-174416.88,-81512.44,-172390.73,-174416.88,-84492.16,1.0,2.0,1.0,2.0,2.0,1.0
528.17,9917.6,46634.46,9917.6,32287.64,46634.46,40805.15,-7804.92,-42409.1,-7804.92,-27534.11,-42409.1,-37107.96,4.0,8.0,4.0,9.0,8.0,7.0
531.39,17120.42,30844.8,17120.42,30844.8,21400.53,21400.53,-14994.86,-26593.68,-14994.86,-26593.68,-18743.58,-18743.58,4.0,8.0,4.0,8.0,5.0,5.0
535.0,22802.0,72040.36,22802.0,57176.75,55285.38,60853.98,-20127.0,-67225.36,-20127.0,-51826.75,-53145.38,-58178.98,5.0,9.0,5.0,10.0,4.0,5.0
535.1,5391.1,88935.0,5391.1,88935.0,6477.76,15964.98,-4856.0,-77697.9,-4856.0,-77697.9,-5942.66,-14359.68,1.0,21.0,1.0,21.0,1.0,3.0
541.57,7633.6,37192.11,7633.6,37192.11,37192.11,16398.78,-7092.03,-35025.83,-7092.03,-35025.83,-35025.83,-15315.64,1.0,4.0,1.0,4.0,4.0,2.0
543.15,74074.0,236003.3,74074.0,236003.3,157335.53,157335.53,-73530.85,-234373.85,-73530.85,-234373.85,-156249.23,-156249.23,1.0,3.0,1.0,3.0,2.0,2.0
546.04,11567.4,23931.83,11567.4,23931.83,13040.66,11965.92,-11021.36,-22839.75,-11021.36,-22839.75,-12494.62,-11419.88,1.0,2.0,1.0,2.0,1.0,1.0
547.76,9703.2,45249.29,9703.2,45249.29,27844.35,27844.35,-7512.16,-38128.41,-7512.16,-38128.41,-24557.79,-24557.79,4.0,13.0,4.0,13.0,6.0,6.0
549.7,19052.8,54039.21,19052.8,54039.21,43231.37,43231.37,-17953.4,-51290.71,-17953.4,-51290.71,-41032.57,-41032.57,2.0,5.0,2.0,5.0,4.0,4.0
550.16,55800.0,186762.0,55800.0,182892.55,124508.0,59860.43,-55249.84,-185111.52,-55249.84,-181242.07,-123407.68,-59310.27,1.0,3.0,1.0,3.0,2.0,1.0
550.63,31528.0,69580.14,31528.0,69580.14,34790.07,34790.07,-30977.37,-68478.88,-30977.37,-68478.88,-34239.44,-34239.44,1.0,2.0,1.0,2.0,1.0,1.0
551.24,31262.4,78959.52,31262.4,78959.52,59219.64,59219.64,-29057.44,-74549.6,-29057.44,-74549.6,-55912.2,-55912.2,4.0,8.0,4.0,8.0,6.0,6.0
551.71,59542.0,61684.15,59542.0,59542.0,61684.15,61684.15,-58990.29,-61132.44,-58990.29,-58990.29,-61132.44,-61132.44,1.0,1.0,1.0,1.0,1.0,1.0
552.47,81556.52,83926.27,81556.52,82801.75,83926.27,83926.27,-81004.05,-83373.8,-81004.05,-82249.28,-83373.8,-83373.8,1.0,1.0,1.0,1.0,1.0,1.0
554.04,38425.39,131361.12,38425.39,131361.12,44171.34,54055.32,-35655.19,-120834.36,-35655.19,-120834.36,-41401.14,-50177.04,5.0,19.0,5.0,19.0,5.0,7.0
555.09,27695.92,96314.4,27695.92,96314.4,35557.47,35557.47,-23810.29,-80771.88,-23810.29,-80771.88,-31116.75,-31116.75,7.0,28.0,7.0,28.0,8.0,8.0
555.22,8411.75,42091.51,8411.75,42091.51,14918.11,24069.75,-7301.31,-35428.87,-7301.31,-35428.87,-13252.45,-20738.43,2.0,12.0,2.0,12.0,3.0,6.0
555.99,3621.05,10854.32,3621.05,10854.32,4297.63,4297.63,-3065.06,-8630.36,-3065.06,-8630.36,-3741.64,-3741.64,1.0,4.0,1.0,4.0,1.0,1.0
560.45,10595.3,121134.0,10595.3,121134.0,11517.33,11517.33,-10034.85,-112727.25,-10034.85,-112727.25,-10956.88,-10956.88,1.0,15.0,1.0,15.0,1.0,1.0
571.25,4639.86,33433.4,4639.86,33433.4,8322.51,8322.51,-4068.61,-27149.65,-4068.61,-27149.65,-7751.26,-7751.26,1.0,11.0,1.0,11.0,1.0,1.0
571.41,14271.6,28948.49,14271.6,27534.4,28948.49,28948.49,-12557.37,-26091.44,-12557.37,-24677.35,-26091.44,-26091.44,3.0,5.0,3.0,5.0,5.0,5.0
575.45,3300.41,28583.8,3300.41,28583.8,4813.02,4362.52,-2724.96,-18801.15,-2724.96,-18801.15,-4237.57,-3787.07,1.0,17.0,1.0,17.0,1.0,1.0
576.91,17498.9,149557.8,17498.9,149557.8,17498.9,149557.8,-16345.08,-137442.69,-16345.08,-137442.69,-16345.08,-137442.69,2.0,21.0,2.0,21.0,2.0,21.0
581.4,146242.86,148962.36,146242.86,148519.5,148962.36,148962.36,-145661.46,-148380.96,-145661.46,-147938.1,-148380.96,-148380.96,1.0,1.0,1.0,1.0,1.0,1.0
584.8,14498.4,33842.66,14028.26,33842.66,23986.39,17989.8,-12159.2,-29164.26,-12273.86,-29164.26,-21647.19,-16235.4,4.0,8.0,3.0,8.0,4.0,3.0
585.48,16854.31,156731.4,16854.31,156731.4,18241.01,18241.01,-15683.35,-144436.32,-15683.35,-144436.32,-17070.05,-17070.05,2.0,21.0,2.0,21.0,2.0,2.0
589.1,12709.2,33483.53,12709.2,33483.53,15068.98,15068.98,-11531.0,-30538.03,-11531.0,-30538.03,-13890.78,-13890.78,2.0,5.0,2.0,5.0,2.0,2.0
591.18,21939.95,23047.84,21939.95,21939.95,23047.84,23047.84,-21348.77,-22456.66,-21348.77,-21348.77,-22456.66,-22456.66,1.0,1.0,1.0,1.0,1.0,1.0
596.39,16598.4,51936.59,16598.4,51375.01,36681.27,30224.7,-11827.28,-45972.69,-11827.28,-41236.38,-33699.32,-27242.75,8.0,10.0,8.0,17.0,5.0,5.0
604.27,6372.5,12924.8,6372.5,12924.8,6372.5,6372.5,-4559.69,-8090.64,-4559.69,-8090.64,-4559.69,-4559.69,3.0,8.0,3.0,8.0,3.0,3.0
609.31,34927.22,130575.2,34927.22,130575.2,40748.42,34927.22,-31271.36,-113514.52,-31271.36,-113514.52,-36483.25,-31271.36,6.0,28.0,6.0,28.0,7.0,6.0
613.36,19236.0,47284.45,19236.0,47284.45,47284.45,45815.72,-18622.64,-46057.73,-18622.64,-46057.73,-46057.73,-44589.0,1.0,2.0,1.0,2.0,2.0,2.0
629.0,28308.0,157297.37,28308.0,157297.37,125837.89,125837.89,-27679.0,-154152.37,-27679.0,-154152.37,-123321.89,-123321.89,1.0,5.0,1.0,5.0,4.0,4.0
631.99,10743.2,45980.49,10743.2,47389.04,40871.55,31351.54,-8215.24,-40292.58,-8215.24,-39805.16,-35815.63,-26927.61,4.0,9.0,4.0,12.0,8.0,7.0
633.49,2748.2,20348.49,2748.2,20348.49,20348.49,20348.49,-2114.71,-17181.04,-2114.71,-17181.04,-17181.04,-17181.04,1.0,5.0,1.0,5.0,5.0,5.0
646.66,11256.0,58626.17,11256.0,56196.55,35005.0,31661.57,-9962.68,-53452.89,-9962.68,-51023.27,-32418.36,-29074.93,2.0,8.0,2.0,8.0,4.0,4.0
652.96,29099.2,110550.33,29099.2,96999.66,59172.37,54685.11,-26487.36,-103367.77,-26487.36,-89817.1,-55907.57,-51420.31,4.0,11.0,4.0,11.0,5.0,5.0
654.01,7903.13,29026.4,7903.13,29026.4,15806.26,15806.26,-7249.12,-26410.36,-7249.12,-26410.36,-14498.24,-14498.24,1.0,4.0,1.0,4.0,2.0,2.0
657.88,7151.2,43217.84,7151.2,39293.89,35360.05,32602.68,-4519.68,-35981.16,-4519.68,-32057.21,-29439.13,-26023.88,4.0,11.0,4.0,11.0,9.0,10.0
659.77,62552.0,344242.73,62552.0,341215.7,344242.73,344242.73,-61892.23,-340943.88,-61892.23,-337916.85,-340943.88,-340943.88,1.0,5.0,1.0,5.0,5.0,5.0
661.27,12971.18,14843.15,12971.18,13953.97,14843.15,14843.15,-12309.91,-14181.88,-12309.91,-13292.7,-14181.88,-14181.88,1.0,1.0,1.0,1.0,1.0,1.0
662.11,97042.0,208612.69,97042.0,208612.69,104306.35,208612.69,-96379.89,-207288.47,-96379.89,-207288.47,-103644.24,-207288.47,1.0,2.0,1.0,2.0,1.0,2.0
667.98,53151.76,57163.75,53151.76,54703.06,57163.75,54764.69,-52483.78,-56495.77,-52483.78,-54035.08,-56495.77,-54096.71,1.0,1.0,1.0,1.0,1.0,1.0
668.32,26842.4,59236.96,26842.4,59236.96,44427.72,59236.96,-25505.76,-56563.68,-25505.76,-56563.68,-42422.76,-56563.68,2.0,4.0,2.0,4.0,3.0,4.0
669.84,27291.9,128502.12,27291.9,128502.12,47751.89,39581.76,-24612.54,-112425.96,-24612.54,-112425.96,-44402.69,-36232.56,4.0,24.0,4.0,24.0,5.0,5.0
672.18,13280.4,44874.75,13280.4,43318.55,31971.98,36868.55,-11936.04,-40841.67,-11936.04,-39285.47,-29283.26,-33507.65,2.0,6.0,2.0,6.0,4.0,5.0
672.28,115599.71,253547.41,115599.71,253547.41,126773.71,126773.71,-114927.43,-252202.85,-114927.43,-252202.85,-126101.43,-126101.43,1.0,2.0,1.0,2.0,1.0,1.0
678.77,32032.0,154482.87,32032.0,154482.87,115862.15,115862.15,-31353.23,-151767.79,-31353.23,-151767.79,-113825.84,-113825.84,1.0,4.0,1.0,4.0,3.0,3.0
679.05,5369.0,28259.43,5369.0,28259.43,18839.62,16082.65,-4689.95,-26222.28,-4689.95,-26222.28,-17481.52,-14724.55,1.0,3.0,1.0,3.0,2.0,2.0
679.12,82523.39,90110.84,82523.39,87413.81,90110.84,90110.84,-81844.27,-89431.72,-81844.27,-86734.69,-89431.72,-89431.72,1.0,1.0,1.0,1.0,1.0,1.0
681.47,17486.0,19906.86,17486.0,17486.0,19906.86,19906.86,-16804.53,-19225.39,-16804.53,-16804.53,-19225.39,-19225.39,1.0,1.0,1.0,1.0,1.0,1.0
684.39,4515.0,17411.09,4515.0,17411.09,17411.09,17411.09,-3830.61,-15357.92,-3830.61,-15357.92,-15357.92,-15357.92,1.0,3.0,1.0,3.0,3.0,3.0
686.67,11936.6,67037.62,11936.6,52756.54,50278.21,67037.62,-11249.93,-64290.94,-11249.93,-50009.86,-48218.2,-64290.94,1.0,4.0,1.0,4.0,3.0,4.0
687.44,15677.88,92080.8,15677.88,92080.8,24466.26,24466.26,-13615.56,-72832.48,-13615.56,-72832.48,-21716.5,-21716.5,3.0,28.0,3.0,28.0,4.0,4.0
689.45,4003.49,42806.4,4003.49,42806.4,4436.68,4436.68,-3314.04,-33154.1,-3314.04,-33154.1,-3747.23,-3747.23,1.0,14.0,1.0,14.0,1.0,1.0
704.07,15897.82,20859.25,15897.82,20859.25,20859.25,20859.25,-15193.75,-20155.18,-15193.75,-20155.18,-20155.18,-20155.18,1.0,1.0,1.0,1.0,1.0,1.0
706.76,82358.9,194822.56,82358.9,179804.96,97411.28,97411.28,-81652.14,-193409.04,-81652.14,-178391.44,-96704.52,-96704.52,1.0,2.0,1.0,2.0,1.0,1.0
708.11,19145.08,42943.72,19145.08,42943.72,20368.97,19145.08,-17728.86,-39403.17,-17728.86,-39403.17,-18952.75,-17728.86,2.0,5.0,2.0,5.0,2.0,2.0
710.21,6448.4,43313.4,6448.4,43313.4,10287.35,7401.28,-5738.19,-36921.51,-5738.19,-36921.51,-9577.14,-6691.07,1.0,9.0,1.0,9.0,1.0,1.0
713.73,34805.37,84553.72,34805.37,84553.72,41575.2,44463.75,-31236.72,-74561.5,-31236.72,-74561.5,-38006.55,-40181.37,5.0,14.0,5.0,14.0,5.0,6.0
717.74,20020.0,21119.31,20020.0,21119.31,21119.31,21119.31,-19302.26,-20401.57,-19302.26,-20401.57,-20401.57,-20401.57,1.0,1.0,1.0,1.0,1.0,1.0
718.43,48258.0,53254.02,48258.0,50667.67,53254.02,53254.02,-47539.57,-52535.59,-47539.57,-49949.24,-52535.59,-52535.59,1.0,1.0,1.0,1.0,1.0,1.0
722.83,23243.25,24532.87,23243.25,23390.9,24532.87,24532.87,-22520.42,-23810.04,-22520.42,-22668.07,-23810.04,-23810.04,1.0,1.0,1.0,1.0,1.0,1.0
729.81,12420.2,38593.85,12420.2,38593.85,15203.4,15203.4,-11690.39,-36404.42,-11690.39,-36404.42,-14473.59,-14473.59,1.0,3.0,1.0,3.0,1.0,1.0
734.62,34536.58,45762.29,34536.58,38710.85,45762.29,45762.29,-33801.96,-45027.67,-33801.96,-37976.23,-45027.67,-45027.67,1.0,1.0,1.0,1.0,1.0,1.0
736.34,16786.0,36080.1,16786.0,35272.38,36080.1,36080.1,-16049.66,-34607.42,-16049.66,-33799.7,-34607.42,-34607.42,1.0,2.0,1.0,2.0,2.0,2.0
740.99,35014.0,145552.39,35014.0,145552.39,109164.29,72776.19,-34273.01,-142588.43,-34273.01,-142588.43,-106941.32,-71294.21,1.0,4.0,1.0,4.0,3.0,2.0
743.49,11957.82,104153.4,11957.82,104153.4,11957.82,81008.2,-11214.33,-97461.99,-11214.33,-97461.99,-11214.33,-75803.77,1.0,9.0,1.0,9.0,1.0,7.0
746.71,4446.06,16485.53,4446.06,13101.71,8517.89,7501.49,-3699.35,-13498.69,-3699.35,-10114.87,-7771.18,-6754.78,1.0,4.0,1.0,4.0,1.0,1.0
750.58,19072.2,47840.09,19072.2,47840.09,39866.74,47840.09,-16820.46,-43336.61,-16820.46,-43336.61,-36113.84,-43336.61,3.0,6.0,3.0,6.0,5.0,6.0
753.65,2888.2,44211.15,2888.2,40507.08,36842.62,29293.57,-2134.55,-39689.25,-2134.55,-34477.88,-33074.37,-25525.32,1.0,6.0,1.0,8.0,5.0,5.0
754.82,57722.0,235986.89,57722.0,235986.89,126787.93,186357.72,-56967.18,-232967.61,-56967.18,-232967.61,-125278.29,-184093.26,1.0,4.0,1.0,4.0,2.0,3.0
755.6,177445.66,189224.27,177445.66,187701.09,189224.27,187701.09,-176690.06,-188468.67,-176690.06,-186945.49,-188468.67,-186945.49,1.0,1.0,1.0,1.0,1.0,1.0
756.49,7120.58,36491.0,7120.58,36491.0,7120.58,36491.0,-5607.6,-26656.63,-5607.6,-26656.63,-5607.6,-26656.63,2.0,13.0,2.0,13.0,2.0,13.0
765.76,8194.58,116383.03,8194.58,116383.03,18630.57,18630.57,-7428.82,-104130.87,-7428.82,-104130.87,-17099.05,-17099.05,1.0,16.0,1.0,16.0,2.0,2.0
773.25,23765.0,57162.26,23765.0,57162.26,33039.35,28518.0,-19898.75,-48656.51,-19898.75,-48656.51,-29173.1,-23878.5,5.0,11.0,5.0,11.0,5.0,6.0
773.98,10574.2,55789.96,10574.2,55789.96,41842.47,55789.96,-9800.22,-52694.04,-9800.22,-52694.04,-39520.53,-52694.04,1.0,4.0,1.0,4.0,3.0,4.0
777.75,24035.2,72663.58,24035.2,72663.58,65397.22,58130.86,-20924.2,-64886.08,-20924.2,-64886.08,-58397.47,-51908.86,4.0,10.0,4.0,10.0,9.0,8.0
778.73,296219.71,300911.41,296219.71,296219.71,300911.41,300911.41,-295440.98,-300132.68,-295440.98,-295440.98,-300132.68,-300132.68,1.0,1.0,1.0,1.0,1.0,1.0
785.23,10511.8,34299.62,10511.8,34299.62,15147.51,12898.25,-9726.57,-31943.93,-9726.57,-31943.93,-14362.28,-12113.02,1.0,3.0,1.0,3.0,1.0,1.0
785.75,29546.4,63529.55,28765.0,63529.55,33404.45,33404.45,-24831.9,-54100.55,-24836.25,-54100.55,-29475.7,-29475.7,6.0,12.0,5.0,12.0,5.0,5.0
786.73,91520.0,97067.81,91520.0,95743.2,97067.81,95743.2,-90733.27,-96281.08,-90733.27,-94956.47,-96281.08,-94956.47,1.0,1.0,1.0,1.0,1.0,1.0
788.46,20748.0,47719.17,20748.0,47719.17,39097.17,34948.4,-18382.62,-42988.41,-18382.62,-42988.41,-35943.33,-31794.56,3.0,6.0,3.0,6.0,4.0,4.0
789.65,51899.35,126868.84,51899.35,126868.84,63434.42,58818.41,-51109.7,-125289.54,-51109.7,-125289.54,-62644.77,-58028.76,1.0,2.0,1.0,2.0,1.0,1.0
794.16,24252.54,102945.49,24252.54,102945.49,35376.0,38865.93,-21075.9,-85473.97,-21075.9,-85473.97,-32199.36,-34895.13,4.0,22.0,4.0,22.0,4.0,5.0
798.98,53046.0,175550.61,53046.0,172841.92,117033.74,117033.74,-52247.02,-173153.67,-52247.02,-170444.98,-115435.78,-115435.78,1.0,3.0,1.0,3.0,2.0,2.0
806.14,8730.4,41997.4,8730.4,41997.4,41997.4,34997.83,-7118.12,-37160.56,-7118.12,-37160.56,-37160.56,-30967.13,2.0,6.0,2.0,6.0,6.0,5.0
812.16,5662.8,25325.79,5662.8,18453.91,12662.9,12662.9,-4850.64,-23701.47,-4850.64,-16829.59,-11850.74,-11850.74,1.0,2.0,1.0,2.0,1.0,1.0
813.31,34596.58,39099.81,34596.58,39099.81,39099.81,39099.81,-33783.27,-38286.5,-33783.27,-38286.5,-38286.5,-38286.5,1.0,1.0,1.0,1.0,1.0,1.0
813.7,71394.49,71394.49,71394.49,71394.49,71394.49,71394.49,-70580.79,-70580.79,-70580.79,-70580.79,-70580.79,-70580.79,1.0,1.0,1.0,1.0,1.0,1.0
814.72,40474.0,133560.07,40474.0,133560.07,89040.05,44520.02,-39659.28,-131115.91,-39659.28,-131115.91,-87410.61,-43705.3,1.0,3.0,1.0,3.0,2.0,1.0
816.26,33005.19,78955.98,33005.19,78955.98,35633.48,33005.19,-30556.41,-72425.9,-30556.41,-72425.9,-33184.7,-30556.41,3.0,8.0,3.0,8.0,3.0,3.0
822.42,11620.0,34196.42,11620.0,34196.42,34196.42,11620.0,-9975.16,-30084.32,-9975.16,-30084.32,-30084.32,-9975.16,2.0,5.0,2.0,5.0,5.0,2.0
822.7,16671.2,27600.52,16671.2,27600.52,23000.43,23000.43,-13380.4,-22664.32,-13380.4,-22664.32,-18886.93,-18886.93,4.0,6.0,4.0,6.0,5.0,5.0
823.22,7070.0,14650.57,7070.0,11312.0,9855.76,9855.76,-2953.9,-9711.25,-2953.9,-4726.24,-8209.32,-8209.32,5.0,6.0,5.0,8.0,2.0,2.0
824.02,3978.0,13543.14,3978.0,13543.14,13543.14,3978.0,-3153.98,-11071.08,-3153.98,-11071.08,-11071.08,-3153.98,1.0,3.0,1.0,3.0,3.0,1.0
824.18,4743.28,63022.4,4743.28,63022.4,5167.62,4743.28,-3919.1,-49011.34,-3919.1,-49011.34,-4343.44,-3919.1,1.0,17.0,1.0,17.0,1.0,1.0
837.47,37394.0,117873.57,37394.0,117873.57,117873.57,117873.57,-36556.53,-115361.16,-36556.53,-115361.16,-115361.16,-115361.16,1.0,3.0,1.0,3.0,3.0,3.0
837.52,30703.52,69448.4,30703.52,69448.4,35820.78,30703.52,-25678.4,-55210.56,-25678.4,-55210.56,-29958.14,-25678.4,6.0,17.0,6.0,17.0,7.0,6.0
838.54,69454.0,144559.71,69454.0,141849.85,77197.47,76812.09,-68615.46,-142882.63,-68615.46,-140172.77,-76358.93,-75973.55,1.0,2.0,1.0,2.0,1.0,1.0
840.22,2410.2,5635.72,2410.2,5635.72,5635.72,2410.2,-1569.98,-3955.28,-1569.98,-3955.28,-3955.28,-1569.98,1.0,2.0,1.0,2.0,2.0,1.0
841.2,58926.0,123660.49,58926.0,119991.65,123660.49,122840.07,-58084.8,-121978.09,-58084.8,-118309.25,-121978.09,-121157.67,1.0,2.0,1.0,2.0,2.0,2.0
842.81,32630.0,86205.16,32630.0,74733.91,73890.14,72880.14,-28415.95,-80305.49,-28415.95,-67148.62,-68833.28,-66980.47,5.0,7.0,5.0,9.0,6.0,7.0
845.93,10082.8,67102.36,10082.8,67102.36,67102.36,35650.32,-9236.87,-62872.71,-9236.87,-62872.71,-62872.71,-33112.53,1.0,5.0,1.0,5.0,5.0,3.0
846.77,53704.0,65773.66,53704.0,59067.91,65773.66,65773.66,-52857.23,-64926.89,-52857.23,-58221.14,-64926.89,-64926.89,1.0,1.0,1.0,1.0,1.0,1.0
847.06,71148.0,71684.81,71148.0,71148.0,71684.81,71684.81,-70300.94,-70837.75,-70300.94,-70300.94,-70837.75,-70837.75,1.0,1.0,1.0,1.0,1.0,1.0
847.25,86482.0,365604.97,86482.0,364347.07,274203.73,274203.73,-85634.75,-362215.97,-85634.75,-360958.07,-271661.98,-271661.98,1.0,4.0,1.0,4.0,3.0,3.0
847.47,9455.92,73616.4,9455.92,73616.4,11838.79,10112.99,-8608.45,-65989.17,-8608.45,-65989.17,-10991.32,-9265.52,1.0,9.0,1.0,9.0,1.0,1.0
848.09,8803.24,30784.33,8803.24,30784.33,13269.0,13269.0,-7955.15,-27391.97,-7955.15,-27391.97,-12420.91,-12420.91,1.0,4.0,1.0,4.0,1.0,1.0
849.52,170208.66,177119.9,170208.66,175087.64,177119.9,173202.72,-169359.14,-176270.38,-169359.14,-174238.12,-176270.38,-172353.2,1.0,1.0,1.0,1.0,1.0,1.0
852.34,24556.0,50895.93,24503.57,50895.93,32851.53,35686.61,-21146.64,-44929.55,-21946.55,-44929.55,-30294.51,-32277.25,4.0,7.0,3.0,7.0,3.0,4.0
855.44,13048.0,52485.64,13048.0,43426.47,20106.31,18535.68,-12192.56,-49919.32,-12192.56,-40860.15,-19250.87,-17680.24,1.0,3.0,1.0,3.0,1.0,1.0
857.45,24402.0,74974.65,24402.0,64016.46,57053.42,50194.68,-19257.3,-63827.8,-19257.3,-52869.61,-50193.82,-43335.08,6.0,13.0,6.0,13.0,8.0,8.0
861.33,36085.47,74247.49,36085.47,74247.49,38654.46,38654.46,-35224.14,-72524.83,-35224.14,-72524.83,-37793.13,-37793.13,1.0,2.0,1.0,2.0,1.0,1.0
864.41,66570.0,140523.93,66570.0,138493.23,140523.93,67585.35,-65705.59,-138795.11,-65705.59,-136764.41,-138795.11,-66720.94,1.0,2.0,1.0,2.0,2.0,1.0
864.71,44283.2,110537.8,44283.2,110537.8,82771.34,82771.34,-37365.52,-95837.73,-37365.52,-95837.73,-76718.37,-76718.37,8.0,17.0,8.0,17.0,7.0,7.0
867.99,9772.0,47273.49,9772.0,47273.49,35455.12,35455.12,-8904.01,-43801.53,-8904.01,-43801.53,-32851.15,-32851.15,1.0,4.0,1.0,4.0,3.0,3.0
868.7,12422.61,99450.0,12422.61,99450.0,12867.71,12422.61,-11553.91,-91631.7,-11553.91,-91631.7,-11999.01,-11553.91,1.0,9.0,1.0,9.0,1.0,1.0
869.04,15007.2,25195.77,15007.2,24445.59,20156.61,18866.75,-11531.04,-20850.57,-11531.04,-19231.35,-16680.45,-15390.59,4.0,5.0,4.0,6.0,4.0,4.0
872.7,12844.2,153498.8,12844.2,153498.8,13891.8,13891.8,-11971.5,-141281.0,-11971.5,-141281.0,-13019.1,-13019.1,1.0,14.0,1.0,14.0,1.0,1.0
878.32,22939.0,59233.61,22939.0,54842.41,51108.78,41508.98,-18547.4,-52207.05,-18547.4,-46059.21,-46717.18,-37117.38,5.0,8.0,5.0,10.0,5.0,5.0
890.57,16086.35,58853.43,16086.35,58853.43,25560.33,24761.65,-14305.21,-49947.73,-14305.21,-49947.73,-23779.19,-22980.51,2.0,10.0,2.0,10.0,2.0,2.0
891.78,26551.2,67268.43,26551.2,60082.44,67268.43,49161.38,-21200.52,-58350.63,-21200.52,-49381.08,-58350.63,-42027.14,6.0,10.0,6.0,12.0,10.0,8.0
892.66,7212.4,7760.62,7212.4,7212.4,7760.62,7760.62,-6319.74,-6867.96,-6319.74,-6319.74,-6867.96,-6867.96,1.0,1.0,1.0,1.0,1.0,1.0
894.86,4945.2,20660.71,4945.2,14613.27,20660.71,20660.71,-3155.48,-16186.41,-3155.48,-10138.97,-16186.41,-16186.41,2.0,5.0,2.0,5.0,5.0,5.0
894.99,19124.94,34616.4,19124.94,34616.4,25499.92,25499.92,-16439.97,-29246.46,-16439.97,-29246.46,-21919.96,-21919.96,3.0,6.0,3.0,6.0,4.0,4.0
899.83,6917.4,39856.51,6917.4,39856.51,31885.21,39856.51,-6017.57,-35357.36,-6017.57,-35357.36,-28285.89,-35357.36,1.0,5.0,1.0,5.0,4.0,5.0
902.28,68096.0,143435.04,68096.0,138217.18,74819.11,73806.52,-67193.72,-141630.48,-67193.72,-136412.62,-73916.83,-72904.24,1.0,2.0,1.0,2.0,1.0,1.0
903.07,113796.0,255220.48,113796.0,246018.84,137247.13,129638.06,-112892.93,-253414.34,-112892.93,-244212.7,-136344.06,-128734.99,1.0,2.0,1.0,2.0,1.0,1.0
905.97,64205.33,171866.08,64205.33,169917.91,82272.61,82272.61,-59675.48,-159182.5,-59675.48,-157234.33,-76836.79,-76836.79,5.0,14.0,5.0,14.0,6.0,6.0
906.81,26072.51,26072.51,26072.51,26072.51,26072.51,26072.51,-25165.7,-25165.7,-25165.7,-25165.7,-25165.7,-25165.7,1.0,1.0,1.0,1.0,1.0,1.0
906.94,45836.0,151628.47,45836.0,151628.47,151628.47,101085.65,-44929.06,-148907.65,-44929.06,-148907.65,-148907.65,-99271.77,1.0,3.0,1.0,3.0,3.0,2.0
918.56,10074.91,77792.4,10074.91,77792.4,14427.86,14427.86,-8237.79,-52991.28,-8237.79,-52991.28,-12590.74,-12590.74,2.0,27.0,2.0,27.0,2.0,2.0
921.35,62938.03,120932.0,62938.03,120932.0,62938.03,62938.03,-62016.68,-119089.3,-62016.68,-119089.3,-62016.68,-62016.68,1.0,2.0,1.0,2.0,1.0,1.0
926.04,6006.0,19956.89,6006.0,19956.89,15965.51,9009.0,-4153.92,-15326.69,-4153.92,-15326.69,-12261.35,-6230.88,2.0,5.0,2.0,5.0,4.0,3.0
932.08,31925.93,82966.8,31925.93,82966.8,39745.52,33121.27,-27265.53,-69917.68,-27265.53,-69917.68,-34153.04,-28460.87,5.0,14.0,5.0,14.0,6.0,5.0
932.89,15828.8,21565.1,15828.8,21565.1,17252.08,17252.08,-12097.24,-16900.65,-12097.24,-16900.65,-13520.52,-13520.52,4.0,5.0,4.0,5.0,4.0,4.0
938.41,10179.0,35720.36,10179.0,35720.36,35720.36,35720.36,-9240.59,-32905.13,-9240.59,-32905.13,-32905.13,-32905.13,1.0,3.0,1.0,3.0,3.0,3.0
942.4,14127.62,143550.4,14127.62,143550.4,25854.06,25854.06,-12242.82,-117163.2,-12242.82,-117163.2,-23026.86,-23026.86,2.0,28.0,2.0,28.0,3.0,3.0
942.96,5454.55,32851.0,5454.55,32851.0,7159.15,11755.42,-4511.59,-26250.28,-4511.59,-26250.28,-6216.19,-9869.5,1.0,7.0,1.0,7.0,1.0,2.0
948.89,70889.02,73457.77,70889.02,71952.94,73457.77,73457.77,-69940.13,-72508.88,-69940.13,-71004.05,-72508.88,-72508.88,1.0,1.0,1.0,1.0,1.0,1.0
951.96,11616.8,49020.53,11616.8,45685.89,40850.45,23233.6,-9712.88,-43308.77,-9712.88,-39022.17,-36090.65,-19425.76,2.0,6.0,2.0,7.0,5.0,4.0
960.45,73333.84,74899.62,73333.84,74510.3,74899.62,74899.62,-72373.39,-73939.17,-72373.39,-73549.85,-73939.17,-73939.17,1.0,1.0,1.0,1.0,1.0,1.0
964.32,23267.4,86260.44,23267.4,86260.44,76675.95,76675.95,-20374.44,-77581.56,-20374.44,-77581.56,-68961.39,-68961.39,3.0,9.0,3.0,9.0,8.0,8.0
965.03,7974.2,30023.64,7974.2,28479.57,30023.64,30023.64,-7009.17,-27128.55,-7009.17,-25584.48,-27128.55,-27128.55,1.0,3.0,1.0,3.0,3.0,3.0
966.73,24538.8,62406.39,24538.8,52986.26,62406.39,55442.95,-18738.42,-55639.28,-18738.42,-43318.96,-55639.28,-47709.11,6.0,7.0,6.0,10.0,7.0,8.0
970.43,4318.11,19229.82,4318.11,18031.0,4557.88,4557.88,-3347.68,-14377.67,-3347.68,-13178.85,-3587.45,-3587.45,1.0,5.0,1.0,5.0,1.0,1.0
971.4,21351.8,30238.31,21351.8,23028.28,30238.31,28596.04,-20380.4,-29266.91,-20380.4,-22056.88,-29266.91,-27624.64,1.0,1.0,1.0,1.0,1.0,1.0
976.13,9048.0,16276.98,9048.0,12667.2,13564.15,13564.15,-4167.35,-10420.2,-4167.35,-5834.29,-8683.5,-8683.5,5.0,6.0,5.0,7.0,5.0,5.0
976.15,52468.0,166468.49,52468.0,154814.63,94690.73,88972.95,-48563.4,-156706.99,-48563.4,-145053.13,-89809.98,-84092.2,4.0,10.0,4.0,10.0,5.0,5.0
976.29,57657.6,148953.82,57657.6,148953.82,100297.8,78009.4,-48870.99,-129428.02,-48870.99,-129428.02,-91511.19,-71175.37,9.0,20.0,9.0,20.0,9.0,7.0
980.03,22753.03,164914.4,22753.03,164914.4,28021.58,28021.58,-19812.94,-137473.56,-19812.94,-137473.56,-25081.49,-25081.49,3.0,28.0,3.0,28.0,3.0,3.0
989.52,163650.3,334049.78,163650.3,332269.4,167024.89,167024.89,-162660.78,-332070.74,-162660.78,-330290.36,-166035.37,-166035.37,1.0,2.0,1.0,2.0,1.0,1.0
1005.46,4390.85,53859.4,4390.85,53859.4,4877.03,41186.6,-3385.39,-36766.58,-3385.39,-36766.58,-3871.57,-28115.62,1.0,17.0,1.0,17.0,1.0,13.0
1008.48,44792.0,53488.45,44792.0,44792.0,53488.45,53488.45,-43783.52,-52479.97,-43783.52,-43783.52,-52479.97,-52479.97,1.0,1.0,1.0,1.0,1.0,1.0
1012.79,21215.45,29592.31,21215.45,25706.94,29592.31,28998.85,-20202.66,-28579.52,-20202.66,-24694.15,-28579.52,-27986.06,1.0,1.0,1.0,1.0,1.0,1.0
1015.25,27237.6,91281.31,27237.6,91281.31,83224.84,83224.84,-24191.85,-83159.31,-24191.85,-83159.31,-77133.34,-77133.34,3.0,8.0,3.0,8.0,6.0,6.0
1028.93,123869.07,266214.68,123869.07,266214.68,266214.68,266214.68,-122840.14,-264156.82,-122840.14,-264156.82,-264156.82,-264156.82,1.0,2.0,1.0,2.0,2.0,2.0
1030.01,7863.19,46816.0,7863.19,46816.0,10879.67,8868.48,-6833.18,-38575.92,-6833.18,-38575.92,-9849.66,-7838.47,1.0,8.0,1.0,8.0,1.0,1.0
1050.03,3290.0,15010.22,3290.0,15010.22,11516.18,9053.06,-1189.94,-10810.1,-1189.94,-10810.1,-9416.12,-6953.0,2.0,4.0,2.0,4.0,2.0,2.0
1053.76,63840.14,66170.13,63840.14,66170.13,66170.13,64947.36,-62786.38,-65116.37,-62786.38,-65116.37,-65116.37,-63893.6,1.0,1.0,1.0,1.0,1.0,1.0
1057.18,66235.5,138754.85,66235.5,138754.85,69377.43,138754.85,-65178.32,-136640.49,-65178.32,-136640.49,-68320.25,-136640.49,1.0,2.0,1.0,2.0,1.0,2.0
1060.62,111602.21,120996.39,111602.21,113473.25,120996.39,120996.39,-110541.59,-119935.77,-110541.59,-112412.63,-119935.77,-119935.77,1.0,1.0,1.0,1.0,1.0,1.0
1075.11,21980.0,50844.73,21980.0,50844.73,50844.73,23088.94,-20904.89,-48694.51,-20904.89,-48694.51,-48694.51,-22013.83,1.0,2.0,1.0,2.0,2.0,1.0
1089.14,33290.89,81406.36,33290.89,80480.4,37431.94,33290.89,-28934.33,-68336.68,-28934.33,-65232.44,-33075.38,-28934.33,4.0,12.0,4.0,14.0,4.0,4.0
1114.32,5628.0,28949.5,5628.0,28949.5,28949.5,5628.0,-3399.36,-22263.58,-3399.36,-22263.58,-22263.58,-3399.36,2.0,6.0,2.0,6.0,6.0,2.0
1116.94,4872.0,13241.39,4872.0,9744.0,13241.39,13241.39,-3755.06,-11007.51,-3755.06,-7510.12,-11007.51,-11007.51,1.0,2.0,1.0,2.0,2.0,2.0
1125.75,8709.98,115453.8,8709.98,115453.8,18545.91,51480.62,-7584.23,-96316.05,-7584.23,-96316.05,-16294.41,-43600.37,1.0,17.0,1.0,17.0,2.0,7.0
1127.23,27885.0,72183.25,27885.0,68956.22,48689.73,45906.86,-24503.31,-64292.64,-24503.31,-61065.61,-44180.81,-41397.94,3.0,7.0,3.0,7.0,4.0,4.0
1130.99,8072.4,28415.05,8072.4,28415.05,16646.48,16646.48,-5810.42,-21629.11,-5810.42,-21629.11,-13253.51,-13253.51,2.0,6.0,2.0,6.0,3.0,3.0
1134.81,19910.0,60148.58,19910.0,45498.05,60148.58,25663.12,-18775.19,-57878.96,-18775.19,-43228.43,-57878.96,-24528.31,1.0,2.0,1.0,2.0,2.0,1.0
1135.92,6420.4,81172.83,6420.4,81172.83,69576.71,60188.23,-5284.48,-73221.39,-5284.48,-73221.39,-62761.19,-53372.71,1.0,7.0,1.0,7.0,6.0,6.0
1136.55,18879.71,75539.82,18879.71,75539.82,24299.41,22376.91,-15470.06,-60764.67,-15470.06,-60764.67,-20889.76,-18967.26,3.0,13.0,3.0,13.0,3.0,3.0
1138.96,7882.75,85538.85,7882.75,85538.85,8721.64,8721.64,-6743.79,-71871.33,-6743.79,-71871.33,-7582.68,-7582.68,1.0,12.0,1.0,12.0,1.0,1.0
1139.06,79818.08,84184.56,79818.08,82786.92,84184.56,84184.56,-78679.02,-83045.5,-78679.02,-81647.86,-83045.5,-83045.5,1.0,1.0,1.0,1.0,1.0,1.0
1142.93,23840.44,54567.55,23840.44,54567.55,31028.34,29797.9,-22697.51,-52281.69,-22697.51,-52281.69,-29885.41,-28654.97,1.0,2.0,1.0,2.0,1.0,1.0
1145.46,7820.8,26366.32,7820.8,26366.32,21093.05,26366.32,-5529.88,-20639.02,-5529.88,-20639.02,-16511.21,-20639.02,2.0,5.0,2.0,5.0,4.0,5.0
1158.18,17719.8,36637.3,17719.8,36637.3,29309.84,29309.84,-14245.26,-30846.4,-14245.26,-30846.4,-24677.12,-24677.12,3.0,5.0,3.0,5.0,4.0,4.0
1169.31,26250.0,59865.06,26250.0,59865.06,29932.53,29932.53,-25080.69,-57526.44,-25080.69,-57526.44,-28763.22,-28763.22,1.0,2.0,1.0,2.0,1.0,1.0
1170.78,46438.0,146550.05,46438.0,146550.05,146550.05,146550.05,-45267.22,-143037.71,-45267.22,-143037.71,-143037.71,-143037.71,1.0,3.0,1.0,3.0,3.0,3.0
1197.72,81252.0,85039.57,81252.0,85039.57,85039.57,85039.57,-80054.28,-83841.85,-80054.28,-83841.85,-83841.85,-83841.85,1.0,1.0,1.0,1.0,1.0,1.0
1199.64,66990.0,147020.37,66990.0,147020.37,147020.37,147020.37,-65790.36,-144621.09,-65790.36,-144621.09,-144621.09,-144621.09,1.0,2.0,1.0,2.0,2.0,2.0
1201.35,14986.4,43540.26,14943.41,43540.26,20830.48,20830.48,-10181.0,-32728.11,-12540.71,-32728.11,-18427.78,-18427.78,4.0,9.0,2.0,9.0,2.0,2.0
1205.6,42602.0,234127.13,42602.0,234127.13,187301.7,42602.0,-41396.4,-228099.13,-41396.4,-228099.13,-182479.3,-41396.4,1.0,5.0,1.0,5.0,4.0,1.0
1213.74,10671.86,18505.2,10671.86,18505.2,10671.86,15421.0,-7030.64,-11222.76,-7030.64,-11222.76,-7030.64,-9352.3,3.0,6.0,3.0,6.0,3.0,5.0
1223.27,3360.0,14237.1,3360.0,14237.1,4526.67,4526.67,-2136.73,-9344.02,-2136.73,-9344.02,-3303.4,-3303.4,1.0,4.0,1.0,4.0,1.0,1.0
1230.19,9045.46,88435.2,9045.46,88435.2,11726.67,11726.67,-7815.27,-71212.54,-7815.27,-71212.54,-10496.48,-10496.48,1.0,14.0,1.0,14.0,1.0,1.0
1232.92,9091.6,64065.08,9091.6,52864.02,54912.93,38594.7,-6625.76,-55434.64,-6625.76,-43000.66,-47515.41,-32430.1,2.0,7.0,2.0,8.0,6.0,5.0
1274.98,4113.2,13750.52,3808.28,13750.52,4501.78,4113.2,-1563.24,-7375.62,-2533.3,-7375.62,-3226.8,-1563.24,2.0,5.0,1.0,5.0,1.0,2.0
1276.62,6994.53,25082.15,6994.53,22807.2,7563.27,7563.27,-5717.91,-19975.67,-5717.91,-17700.72,-6286.65,-6286.65,1.0,4.0,1.0,4.0,1.0,1.0
1286.96,11116.0,57338.92,11116.0,49807.02,32962.58,32962.58,-9829.04,-52191.08,-9829.04,-44659.18,-30388.66,-30388.66,1.0,4.0,1.0,4.0,2.0,2.0
1298.06,44128.0,145305.91,44128.0,140953.32,104860.73,101959.01,-42829.94,-141411.73,-42829.94,-137059.14,-102264.61,-99362.89,1.0,3.0,1.0,3.0,2.0,2.0
1299.87,5357.8,17853.99,5357.8,17853.99,9259.85,7754.13,-4057.93,-13954.38,-4057.93,-13954.38,-7959.98,-6454.26,1.0,3.0,1.0,3.0,1.0,1.0
1301.68,6238.4,12476.8,6238.4,12476.8,7476.72,7476.72,-4936.72,-9873.44,-4936.72,-9873.44,-6175.04,-6175.04,1.0,2.0,1.0,2.0,1.0,1.0
1339.23,99770.0,204100.7,99770.0,202887.6,204100.7,100376.55,-98430.77,-201422.24,-98430.77,-200209.14,-201422.24,-99037.32,1.0,2.0,1.0,2.0,2.0,1.0
1340.64,160523.62,174881.45,160523.62,166017.51,174881.45,172577.82,-159182.98,-173540.81,-159182.98,-164676.87,-173540.81,-171237.18,1.0,1.0,1.0,1.0,1.0,1.0
1347.64,12516.0,17071.64,8761.2,12516.0,15364.48,17071.64,960.4,-3595.24,672.28,960.4,-3235.72,-3595.24,10.0,10.0,7.0,10.0,9.0,10.0
1357.62,97768.08,189930.0,97768.08,189930.0,111734.95,111734.95,-88264.74,-169565.7,-88264.74,-169565.7,-100873.99,-100873.99,7.0,15.0,7.0,15.0,8.0,8.0
1359.27,101952.0,104079.8,101952.0,104079.8,104079.8,104079.8,-100592.73,-102720.53,-100592.73,-102720.53,-102720.53,-102720.53,1.0,1.0,1.0,1.0,1.0,1.0
1359.96,16133.59,62468.0,16133.59,62468.0,16133.59,16133.59,-13413.67,-48868.4,-13413.67,-48868.4,-13413.67,-13413.67,2.0,10.0,2.0,10.0,2.0,2.0
1377.26,11830.0,52806.62,11830.0,48551.65,35204.41,30380.16,-10452.74,-48674.84,-10452.74,-44419.87,-32449.89,-27625.64,1.0,3.0,1.0,3.0,2.0,2.0
1397.57,14048.64,54147.03,14048.64,54147.03,18663.51,18663.51,-12651.07,-48556.75,-12651.07,-48556.75,-17265.94,-17265.94,1.0,4.0,1.0,4.0,1.0,1.0
1407.9,56283.61,56669.7,56283.61,56283.61,56669.7,56669.7,-54875.71,-55261.8,-54875.71,-54875.71,-55261.8,-55261.8,1.0,1.0,1.0,1.0,1.0,1.0
1409.2,5458.57,34944.0,5458.57,34944.0,13242.85,13242.85,-4049.37,-13806.0,-4049.37,-13806.0,-10424.45,-10424.45,1.0,15.0,1.0,15.0,2.0,2.0
1411.43,26908.0,90504.26,26908.0,90504.26,90504.26,60336.17,-25496.57,-86269.97,-25496.57,-86269.97,-86269.97,-57513.31,1.0,3.0,1.0,3.0,3.0,2.0
1422.9,87340.0,90321.19,87340.0,87340.0,90321.19,90321.19,-85917.1,-88898.29,-85917.1,-85917.1,-88898.29,-88898.29,1.0,1.0,1.0,1.0,1.0,1.0
1446.36,14383.91,84593.6,14383.91,84593.6,14383.91,14383.91,-11491.19,-64344.56,-11491.19,-64344.56,-11491.19,-11491.19,2.0,14.0,2.0,14.0,2.0,2.0
1452.29,23489.01,23489.01,23489.01,23489.01,23489.01,23489.01,-22036.72,-22036.72,-22036.72,-22036.72,-22036.72,-22036.72,1.0,1.0,1.0,1.0,1.0,1.0
1463.45,40195.23,159468.26,40195.23,159468.26,57485.07,50299.44,-29951.08,-111174.41,-29951.08,-111174.41,-45777.47,-40055.29,7.0,33.0,7.0,33.0,8.0,7.0
1468.27,107168.65,227219.45,107168.65,227219.45,113609.72,227219.45,-105700.38,-224282.91,-105700.38,-224282.91,-112141.45,-224282.91,1.0,2.0,1.0,2.0,1.0,2.0
1470.64,4440.8,15986.0,4440.8,15986.0,15986.0,4440.8,-1499.52,-10103.44,-1499.52,-10103.44,-10103.44,-1499.52,2.0,4.0,2.0,4.0,4.0,2.0
1473.68,41444.0,73327.11,41444.0,62166.0,67216.52,61105.92,-26707.2,-55642.95,-26707.2,-40060.8,-51006.04,-46369.12,10.0,12.0,10.0,15.0,11.0,10.0
1492.07,39622.05,168793.51,39622.05,168793.51,43163.95,43163.95,-32161.7,-134475.9,-32161.7,-134475.9,-35703.6,-35703.6,5.0,23.0,5.0,23.0,5.0,5.0
